"user_id","signup_ts","country","acquisition_channel"
1,"2025-12-02T01:58:20","UK","organic"
2,"2025-10-27T16:51:53","DE","organic"
3,"2025-12-11T12:06:08","UK","social"
4,"2025-12-26T14:55:44","ES","organic"
5,"2025-11-10T23:08:56","UK","organic"
6,"2025-10-22T05:27:48","DE","paid_search"
7,"2025-10-03T13:49:59","ES","organic"
8,"2025-12-03T02:20:25","IT","paid_search"
9,"2025-10-22T09:39:49","NL","paid_search"
10,"2025-12-18T14:06:34","UK","social"
11,"2025-10-16T12:01:59","IT","paid_search"
12,"2025-10-27T23:29:13","DE","organic"
13,"2025-12-14T03:04:12","FR","organic"
14,"2025-11-06T21:17:41","UK","organic"
15,"2025-11-03T09:28:29","ES","organic"
16,"2025-10-05T05:14:48","IT","paid_search"
17,"2025-10-13T02:51:57","NL","organic"
18,"2025-10-29T11:09:17","IT","paid_search"
19,"2025-12-23T15:55:21","FR","paid_search"
20,"2025-12-08T09:46:16","UK","organic"
21,"2025-10-23T03:02:29","FR","referral"
22,"2025-12-23T01:02:05","DE","email"
23,"2025-11-06T21:45:29","FR","paid_search"
24,"2025-12-20T23:37:05","FR","organic"
25,"2025-11-04T11:50:26","DE","social"
26,"2025-12-08T03:21:35","IT","paid_search"
27,"2025-11-29T03:22:41","IT","organic"
28,"2025-12-10T18:59:18","DE","organic"
29,"2025-11-06T20:11:42","FR","referral"
30,"2025-12-02T03:18:27","IT","paid_search"
31,"2025-12-06T11:16:00","FR","email"
32,"2025-12-15T08:12:39","UK","organic"
33,"2025-10-04T02:47:56","FR","paid_search"
34,"2025-10-07T10:13:50","DE","referral"
35,"2025-11-25T01:37:31","IT","organic"
36,"2025-12-03T15:16:58","NL","organic"
37,"2025-12-28T19:03:01","IT","paid_search"
38,"2025-10-26T17:12:55","DE","organic"
39,"2025-11-24T12:04:57","ES","organic"
40,"2025-11-26T18:11:02","NL","email"
41,"2025-11-08T18:40:14","FR","organic"
42,"2025-10-14T10:20:10","ES","paid_search"
43,"2025-12-13T09:06:00","UK","email"
44,"2025-10-15T20:08:45","IT","organic"
45,"2025-12-06T01:38:10","NL","paid_search"
46,"2025-11-07T08:34:22","NL","paid_search"
47,"2025-11-15T10:38:07","ES","organic"
48,"2025-11-23T17:06:35","UK","social"
49,"2025-10-12T02:55:29","IT","email"
50,"2025-12-12T21:40:19","FR","social"
51,"2025-11-03T00:39:58","UK","organic"
52,"2025-10-16T08:32:03","NL","organic"
53,"2025-12-10T02:35:47","IT","organic"
54,"2025-11-18T14:27:00","DE","paid_search"
55,"2025-10-11T07:57:18","IT","organic"
56,"2025-12-02T00:51:36","ES","paid_search"
57,"2025-10-15T20:08:28","FR","social"
58,"2025-11-22T08:50:39","ES","referral"
59,"2025-11-28T03:38:31","FR","paid_search"
60,"2025-10-11T20:40:14","FR","email"
61,"2025-12-20T17:55:16","FR","organic"
62,"2025-10-24T09:16:17","ES","referral"
63,"2025-10-09T07:35:13","IT","paid_search"
64,"2025-10-07T17:16:36","ES","social"
65,"2025-10-13T11:10:25","IT","paid_search"
66,"2025-11-23T09:08:06","DE","organic"
67,"2025-12-24T16:54:58","ES","paid_search"
68,"2025-10-21T13:31:32","ES","social"
69,"2025-12-06T23:30:29","DE","social"
70,"2025-11-08T17:43:09","IT","paid_search"
71,"2025-11-12T12:50:49","ES","paid_search"
72,"2025-10-25T01:39:43","DE","organic"
73,"2025-10-03T01:00:48","ES","paid_search"
74,"2025-11-27T03:09:53","DE","organic"
75,"2025-12-08T17:23:20","IT","organic"
76,"2025-10-07T13:03:14","UK","email"
77,"2025-10-07T21:06:34","ES","organic"
78,"2025-12-04T22:49:52","NL","organic"
79,"2025-10-13T20:18:32","IT","referral"
80,"2025-11-25T10:37:36","ES","paid_search"
81,"2025-12-16T04:17:44","NL","email"
82,"2025-10-19T11:41:14","UK","organic"
83,"2025-11-11T20:25:19","FR","paid_search"
84,"2025-11-15T08:14:46","IT","organic"
85,"2025-12-03T10:39:41","IT","organic"
86,"2025-11-09T02:10:32","IT","organic"
87,"2025-12-23T15:50:33","UK","organic"
88,"2025-10-19T11:13:07","ES","paid_search"
89,"2025-11-10T23:03:19","DE","organic"
90,"2025-10-25T06:05:28","UK","paid_search"
91,"2025-12-23T15:05:19","ES","organic"
92,"2025-12-03T07:36:27","ES","email"
93,"2025-10-10T01:19:04","DE","organic"
94,"2025-11-17T03:37:33","NL","organic"
95,"2025-11-08T22:29:29","UK","organic"
96,"2025-10-01T05:01:20","NL","organic"
97,"2025-12-16T03:01:00","NL","organic"
98,"2025-12-07T15:10:33","IT","referral"
99,"2025-11-23T23:02:02","IT","social"
100,"2025-10-16T00:42:09","DE","organic"
101,"2025-10-06T16:16:33","ES","social"
102,"2025-10-06T22:02:29","IT","organic"
103,"2025-10-05T20:50:24","ES","paid_search"
104,"2025-12-29T06:19:38","ES","organic"
105,"2025-11-19T07:19:34","UK","email"
106,"2025-10-07T15:39:58","ES","organic"
107,"2025-12-23T16:11:03","DE","paid_search"
108,"2025-12-26T10:31:11","ES","organic"
109,"2025-11-27T17:19:48","UK","paid_search"
110,"2025-11-10T16:51:53","IT","paid_search"
111,"2025-11-20T18:10:19","FR","referral"
112,"2025-10-20T19:57:30","IT","social"
113,"2025-10-24T04:10:42","FR","organic"
114,"2025-12-05T05:09:05","IT","organic"
115,"2025-10-31T16:44:46","UK","organic"
116,"2025-11-30T07:24:21","ES","referral"
117,"2025-10-08T02:42:35","ES","organic"
118,"2025-10-26T17:57:42","DE","referral"
119,"2025-12-25T12:33:44","UK","email"
120,"2025-11-05T21:03:37","FR","organic"
121,"2025-12-20T22:45:59","ES","social"
122,"2025-11-29T09:18:44","IT","paid_search"
123,"2025-12-04T20:14:02","ES","organic"
124,"2025-12-04T09:48:27","UK","referral"
125,"2025-10-14T00:55:15","FR","organic"
126,"2025-10-11T09:24:42","IT","paid_search"
127,"2025-10-27T10:37:02","FR","paid_search"
128,"2025-12-09T16:09:27","FR","organic"
129,"2025-12-01T13:52:53","FR","paid_search"
130,"2025-10-25T09:09:17","UK","organic"
131,"2025-11-11T03:00:11","FR","organic"
132,"2025-11-02T09:14:35","DE","paid_search"
133,"2025-10-26T10:24:00","DE","social"
134,"2025-11-23T13:30:30","IT","paid_search"
135,"2025-10-01T22:31:55","UK","organic"
136,"2025-12-25T17:47:13","IT","referral"
137,"2025-11-22T23:19:03","UK","email"
138,"2025-11-26T13:20:44","ES","organic"
139,"2025-10-13T08:58:10","UK","organic"
140,"2025-12-27T06:46:43","UK","email"
141,"2025-10-21T09:30:49","IT","organic"
142,"2025-10-10T23:31:35","FR","social"
143,"2025-12-25T20:10:59","NL","referral"
144,"2025-12-12T18:24:33","DE","referral"
145,"2025-10-23T23:38:16","DE","referral"
146,"2025-12-18T17:14:06","DE","email"
147,"2025-10-03T09:45:23","DE","social"
148,"2025-11-02T06:02:53","NL","email"
149,"2025-12-23T21:24:54","IT","email"
150,"2025-10-26T21:42:08","DE","social"
151,"2025-10-11T11:52:51","NL","email"
152,"2025-12-23T08:40:02","NL","organic"
153,"2025-12-19T06:47:04","NL","organic"
154,"2025-12-19T15:59:18","DE","organic"
155,"2025-12-04T01:59:19","DE","organic"
156,"2025-10-28T01:11:31","UK","referral"
157,"2025-10-28T02:24:30","FR","paid_search"
158,"2025-11-08T19:19:05","IT","referral"
159,"2025-11-22T01:28:23","FR","referral"
160,"2025-10-12T04:45:56","FR","organic"
161,"2025-10-26T18:34:53","UK","organic"
162,"2025-11-12T04:36:25","FR","social"
163,"2025-10-31T10:55:16","NL","paid_search"
164,"2025-11-19T15:42:07","UK","organic"
165,"2025-11-25T23:32:51","DE","organic"
166,"2025-12-08T19:35:21","NL","organic"
167,"2025-12-29T20:44:47","ES","social"
168,"2025-12-12T00:52:08","IT","social"
169,"2025-11-05T08:41:51","NL","organic"
170,"2025-12-04T11:47:09","FR","paid_search"
171,"2025-12-04T09:48:17","UK","social"
172,"2025-10-30T03:48:05","ES","organic"
173,"2025-11-09T15:37:28","FR","paid_search"
174,"2025-10-29T16:55:35","ES","organic"
175,"2025-11-10T19:42:39","IT","referral"
176,"2025-12-05T18:15:54","IT","referral"
177,"2025-11-29T18:15:13","ES","organic"
178,"2025-11-23T04:47:10","UK","organic"
179,"2025-10-21T09:45:40","NL","social"
180,"2025-11-28T21:37:26","IT","organic"
181,"2025-11-12T21:26:09","NL","social"
182,"2025-11-19T15:07:18","NL","social"
183,"2025-12-17T06:52:19","IT","organic"
184,"2025-10-09T05:35:16","FR","paid_search"
185,"2025-12-01T10:51:32","ES","organic"
186,"2025-12-19T11:03:53","DE","social"
187,"2025-10-22T19:27:02","DE","organic"
188,"2025-10-05T11:41:08","DE","referral"
189,"2025-11-29T08:22:17","UK","paid_search"
190,"2025-12-26T00:50:55","IT","paid_search"
191,"2025-12-09T17:52:02","IT","organic"
192,"2025-11-08T19:15:31","DE","organic"
193,"2025-12-06T18:16:34","UK","email"
194,"2025-12-23T12:58:18","UK","social"
195,"2025-10-22T05:56:12","DE","email"
196,"2025-12-07T13:35:31","ES","paid_search"
197,"2025-11-24T02:50:58","DE","referral"
198,"2025-10-12T18:47:09","NL","organic"
199,"2025-11-15T02:41:49","IT","paid_search"
200,"2025-11-24T06:23:25","ES","organic"
201,"2025-12-13T07:51:36","NL","paid_search"
202,"2025-12-09T20:01:47","ES","paid_search"
203,"2025-12-28T01:07:28","ES","paid_search"
204,"2025-10-16T10:51:53","IT","email"
205,"2025-11-13T16:44:18","FR","social"
206,"2025-12-21T13:01:20","IT","organic"
207,"2025-12-15T12:06:49","ES","paid_search"
208,"2025-10-24T05:28:59","FR","paid_search"
209,"2025-12-09T06:40:48","FR","organic"
210,"2025-11-02T14:34:53","FR","email"
211,"2025-10-08T19:45:34","DE","organic"
212,"2025-11-07T04:32:12","IT","organic"
213,"2025-10-21T18:32:46","UK","paid_search"
214,"2025-11-02T03:00:34","ES","paid_search"
215,"2025-10-07T01:05:22","DE","email"
216,"2025-11-07T19:32:48","ES","referral"
217,"2025-10-02T21:30:45","ES","organic"
218,"2025-10-01T13:44:19","FR","organic"
219,"2025-11-07T20:44:05","NL","paid_search"
220,"2025-12-11T07:49:17","ES","social"
221,"2025-12-27T04:03:07","DE","paid_search"
222,"2025-10-27T11:59:07","NL","paid_search"
223,"2025-11-07T18:06:10","FR","social"
224,"2025-12-17T11:48:23","NL","social"
225,"2025-12-21T14:31:12","NL","referral"
226,"2025-11-30T09:57:49","ES","organic"
227,"2025-11-08T06:08:01","ES","paid_search"
228,"2025-10-03T15:09:08","UK","paid_search"
229,"2025-10-14T04:12:09","NL","organic"
230,"2025-10-26T06:12:29","NL","organic"
231,"2025-11-14T03:31:34","FR","organic"
232,"2025-12-25T09:42:35","NL","organic"
233,"2025-12-20T18:31:26","NL","organic"
234,"2025-10-08T22:51:19","NL","organic"
235,"2025-11-22T08:56:14","UK","referral"
236,"2025-11-03T23:28:00","DE","social"
237,"2025-12-15T20:24:17","IT","organic"
238,"2025-10-04T00:18:18","DE","organic"
239,"2025-10-02T23:29:19","ES","organic"
240,"2025-10-13T06:06:58","NL","social"
241,"2025-11-24T18:08:39","DE","paid_search"
242,"2025-10-25T21:05:27","FR","organic"
243,"2025-11-28T22:59:21","IT","social"
244,"2025-12-15T12:23:11","DE","referral"
245,"2025-10-11T11:53:18","ES","organic"
246,"2025-10-31T06:54:47","ES","social"
247,"2025-11-06T10:31:42","NL","referral"
248,"2025-10-20T06:08:30","UK","paid_search"
249,"2025-12-20T15:22:19","IT","organic"
250,"2025-12-07T16:34:38","FR","email"
251,"2025-11-28T07:03:37","UK","social"
252,"2025-11-24T22:43:06","UK","organic"
253,"2025-11-11T14:11:35","IT","organic"
254,"2025-11-19T02:58:26","IT","organic"
255,"2025-12-22T11:39:16","NL","email"
256,"2025-10-11T05:55:24","NL","referral"
257,"2025-12-01T17:01:14","NL","social"
258,"2025-11-12T06:45:30","DE","social"
259,"2025-12-03T03:40:32","FR","paid_search"
260,"2025-12-29T06:51:52","ES","social"
261,"2025-11-15T03:14:03","NL","email"
262,"2025-11-27T12:33:57","FR","organic"
263,"2025-10-24T20:02:42","UK","organic"
264,"2025-11-13T18:26:41","DE","social"
265,"2025-11-25T07:50:45","ES","social"
266,"2025-11-02T15:51:39","UK","paid_search"
267,"2025-11-01T13:20:16","DE","paid_search"
268,"2025-11-04T10:48:07","FR","organic"
269,"2025-12-25T11:17:39","ES","social"
270,"2025-10-27T19:45:08","ES","organic"
271,"2025-10-19T13:11:37","UK","organic"
272,"2025-11-09T11:02:46","NL","paid_search"
273,"2025-10-24T07:59:43","IT","paid_search"
274,"2025-12-09T02:42:46","NL","paid_search"
275,"2025-10-02T16:10:46","UK","organic"
276,"2025-11-09T06:19:22","IT","organic"
277,"2025-12-04T11:08:20","ES","organic"
278,"2025-11-23T17:41:07","ES","organic"
279,"2025-12-12T10:09:19","ES","organic"
280,"2025-12-08T05:46:14","NL","organic"
281,"2025-10-25T09:48:46","DE","organic"
282,"2025-10-19T16:45:14","FR","organic"
283,"2025-11-22T00:39:12","IT","organic"
284,"2025-10-22T00:12:45","IT","paid_search"
285,"2025-12-10T08:24:19","ES","referral"
286,"2025-11-20T22:29:33","ES","organic"
287,"2025-10-10T18:14:34","DE","organic"
288,"2025-11-05T00:54:49","DE","organic"
289,"2025-12-08T17:48:09","ES","organic"
290,"2025-10-05T10:03:33","UK","paid_search"
291,"2025-12-07T17:06:01","DE","paid_search"
292,"2025-12-13T02:07:58","NL","organic"
293,"2025-10-02T04:34:49","ES","organic"
294,"2025-11-16T11:29:05","NL","organic"
295,"2025-10-05T23:42:59","FR","referral"
296,"2025-11-16T09:11:22","UK","email"
297,"2025-11-08T21:42:57","NL","organic"
298,"2025-12-01T02:42:53","IT","organic"
299,"2025-10-15T11:39:20","ES","referral"
300,"2025-10-09T06:29:09","DE","organic"
301,"2025-12-14T05:16:56","NL","paid_search"
302,"2025-12-16T18:33:34","ES","organic"
303,"2025-11-20T17:40:56","NL","paid_search"
304,"2025-11-12T23:36:52","FR","email"
305,"2025-11-11T15:14:45","FR","paid_search"
306,"2025-10-06T20:20:48","ES","referral"
307,"2025-10-10T15:13:51","DE","paid_search"
308,"2025-10-26T16:40:12","IT","organic"
309,"2025-10-24T06:55:34","DE","paid_search"
310,"2025-10-16T04:44:50","UK","paid_search"
311,"2025-12-06T22:21:04","ES","paid_search"
312,"2025-10-04T04:03:22","DE","organic"
313,"2025-10-28T10:46:53","IT","email"
314,"2025-10-07T21:51:39","IT","organic"
315,"2025-10-26T16:27:25","IT","paid_search"
316,"2025-12-18T01:14:09","DE","paid_search"
317,"2025-11-22T20:55:20","DE","paid_search"
318,"2025-12-28T04:45:07","FR","email"
319,"2025-10-07T22:23:49","UK","organic"
320,"2025-10-30T20:47:14","ES","social"
321,"2025-11-25T06:20:54","FR","paid_search"
322,"2025-11-15T12:08:43","IT","organic"
323,"2025-11-09T01:54:46","FR","paid_search"
324,"2025-11-17T22:37:34","NL","organic"
325,"2025-10-04T20:52:56","NL","social"
326,"2025-11-28T14:45:17","FR","organic"
327,"2025-10-23T05:25:57","IT","email"
328,"2025-11-25T20:18:39","ES","referral"
329,"2025-12-14T06:01:15","IT","email"
330,"2025-11-25T22:45:10","UK","social"
331,"2025-10-18T00:13:26","NL","paid_search"
332,"2025-11-12T22:28:09","FR","organic"
333,"2025-11-26T19:55:00","NL","paid_search"
334,"2025-11-17T17:48:14","UK","paid_search"
335,"2025-11-09T15:31:12","FR","organic"
336,"2025-10-11T03:44:07","DE","organic"
337,"2025-12-07T08:22:36","NL","organic"
338,"2025-11-08T21:07:16","ES","organic"
339,"2025-10-09T13:11:39","FR","organic"
340,"2025-10-12T06:07:00","NL","email"
341,"2025-12-20T02:13:10","UK","social"
342,"2025-11-22T16:20:04","NL","paid_search"
343,"2025-10-19T05:05:56","ES","organic"
344,"2025-12-13T10:38:25","NL","paid_search"
345,"2025-12-13T18:54:22","UK","organic"
346,"2025-11-23T07:46:28","DE","referral"
347,"2025-11-12T12:53:04","IT","paid_search"
348,"2025-10-03T19:16:14","IT","paid_search"
349,"2025-10-24T05:36:12","IT","organic"
350,"2025-11-23T11:32:52","UK","paid_search"
351,"2025-10-10T01:11:35","DE","referral"
352,"2025-12-28T15:16:50","UK","paid_search"
353,"2025-10-12T09:42:57","IT","email"
354,"2025-11-18T09:17:56","IT","organic"
355,"2025-12-08T11:43:41","FR","paid_search"
356,"2025-11-16T20:18:19","NL","organic"
357,"2025-11-23T12:32:26","DE","organic"
358,"2025-12-29T12:06:30","ES","paid_search"
359,"2025-12-25T08:58:43","DE","email"
360,"2025-10-27T19:42:11","NL","organic"
361,"2025-12-16T11:30:52","ES","organic"
362,"2025-10-01T05:58:38","FR","social"
363,"2025-12-21T07:27:37","ES","paid_search"
364,"2025-12-04T01:46:24","NL","email"
365,"2025-11-13T08:31:51","ES","paid_search"
366,"2025-11-02T06:38:28","ES","social"
367,"2025-11-06T14:57:47","NL","referral"
368,"2025-12-24T10:19:07","DE","referral"
369,"2025-10-24T04:27:26","ES","organic"
370,"2025-12-23T02:39:17","NL","organic"
371,"2025-12-12T07:17:19","NL","social"
372,"2025-12-18T18:43:11","NL","organic"
373,"2025-12-04T10:30:25","IT","referral"
374,"2025-11-18T02:11:57","UK","organic"
375,"2025-11-27T07:13:12","FR","email"
376,"2025-12-24T21:00:40","NL","organic"
377,"2025-12-28T09:28:58","NL","organic"
378,"2025-10-14T23:54:23","NL","email"
379,"2025-10-15T23:41:15","UK","paid_search"
380,"2025-10-26T17:32:52","FR","paid_search"
381,"2025-11-08T14:12:11","IT","organic"
382,"2025-11-01T21:36:47","IT","email"
383,"2025-11-06T21:29:09","FR","paid_search"
384,"2025-12-26T03:52:55","NL","email"
385,"2025-10-04T11:39:03","ES","organic"
386,"2025-12-01T06:42:42","IT","referral"
387,"2025-10-23T02:04:53","IT","organic"
388,"2025-10-10T13:23:20","IT","social"
389,"2025-10-10T18:11:55","NL","organic"
390,"2025-10-30T01:48:23","UK","organic"
391,"2025-12-17T07:08:55","UK","organic"
392,"2025-11-06T09:26:34","NL","organic"
393,"2025-11-21T13:42:26","NL","paid_search"
394,"2025-12-16T22:42:15","DE","organic"
395,"2025-10-08T16:00:34","ES","email"
396,"2025-11-30T04:01:47","IT","organic"
397,"2025-12-28T15:02:44","ES","organic"
398,"2025-11-14T18:33:25","IT","organic"
399,"2025-10-25T18:57:15","IT","organic"
400,"2025-12-18T02:55:51","NL","referral"
401,"2025-12-05T18:56:52","ES","organic"
402,"2025-11-12T21:18:17","FR","referral"
403,"2025-10-30T01:04:47","IT","referral"
404,"2025-12-07T00:32:49","FR","paid_search"
405,"2025-10-30T07:59:40","DE","referral"
406,"2025-12-22T20:24:56","NL","organic"
407,"2025-11-07T00:38:35","ES","organic"
408,"2025-10-29T17:25:57","IT","organic"
409,"2025-12-20T14:07:39","IT","organic"
410,"2025-10-01T18:52:10","ES","email"
411,"2025-12-15T13:35:51","IT","referral"
412,"2025-12-28T09:53:28","ES","social"
413,"2025-12-20T20:39:19","FR","social"
414,"2025-10-23T08:12:52","ES","email"
415,"2025-10-22T06:19:03","IT","organic"
416,"2025-10-25T08:00:09","IT","social"
417,"2025-12-14T12:20:11","IT","social"
418,"2025-10-14T06:43:07","IT","organic"
419,"2025-11-30T22:05:00","IT","organic"
420,"2025-12-16T13:35:44","NL","organic"
421,"2025-11-05T10:11:17","IT","organic"
422,"2025-12-28T07:35:11","FR","organic"
423,"2025-11-10T08:11:32","DE","organic"
424,"2025-12-16T08:42:27","ES","email"
425,"2025-11-05T12:30:35","ES","paid_search"
426,"2025-10-27T11:02:05","DE","organic"
427,"2025-12-20T01:39:59","NL","referral"
428,"2025-10-29T15:43:45","IT","email"
429,"2025-12-18T01:59:51","UK","paid_search"
430,"2025-10-08T07:27:36","DE","social"
431,"2025-10-22T21:43:13","IT","social"
432,"2025-11-08T14:02:09","ES","organic"
433,"2025-12-16T18:25:21","NL","organic"
434,"2025-11-22T02:18:14","UK","paid_search"
435,"2025-12-05T07:48:13","IT","social"
436,"2025-11-26T18:07:25","NL","email"
437,"2025-11-06T01:35:46","UK","social"
438,"2025-11-15T18:37:14","UK","paid_search"
439,"2025-11-24T12:10:26","FR","referral"
440,"2025-10-22T11:49:22","IT","organic"
441,"2025-12-19T23:43:19","NL","referral"
442,"2025-10-30T08:09:14","IT","paid_search"
443,"2025-10-14T13:42:14","UK","referral"
444,"2025-10-30T13:13:15","NL","organic"
445,"2025-10-23T19:07:25","ES","organic"
446,"2025-11-14T01:03:59","FR","social"
447,"2025-12-12T03:38:31","IT","referral"
448,"2025-11-10T16:38:10","ES","social"
449,"2025-10-16T00:03:52","NL","social"
450,"2025-12-20T22:38:44","NL","paid_search"
451,"2025-10-28T03:50:30","UK","social"
452,"2025-10-22T02:16:30","NL","paid_search"
453,"2025-10-23T22:10:56","FR","organic"
454,"2025-12-06T13:45:02","FR","paid_search"
455,"2025-12-02T14:33:19","FR","organic"
456,"2025-10-27T18:51:01","DE","referral"
457,"2025-12-22T08:03:37","NL","organic"
458,"2025-10-21T14:14:32","IT","paid_search"
459,"2025-10-03T01:45:59","UK","social"
460,"2025-10-24T15:33:23","DE","social"
461,"2025-10-20T22:09:49","UK","email"
462,"2025-11-23T19:23:51","DE","paid_search"
463,"2025-12-18T22:33:02","DE","organic"
464,"2025-10-15T07:49:34","ES","organic"
465,"2025-12-23T08:13:52","DE","referral"
466,"2025-11-22T10:47:35","FR","social"
467,"2025-10-11T16:08:49","IT","email"
468,"2025-10-13T19:07:25","UK","organic"
469,"2025-12-16T13:10:43","DE","paid_search"
470,"2025-10-02T12:46:21","DE","organic"
471,"2025-10-13T07:22:07","IT","paid_search"
472,"2025-10-12T00:49:19","IT","organic"
473,"2025-11-13T12:33:25","FR","paid_search"
474,"2025-10-11T14:06:51","NL","paid_search"
475,"2025-11-29T17:18:10","UK","social"
476,"2025-12-28T05:32:41","IT","paid_search"
477,"2025-11-14T11:18:59","IT","referral"
478,"2025-10-06T21:44:00","NL","email"
479,"2025-11-11T09:17:22","IT","organic"
480,"2025-12-09T04:00:55","NL","organic"
481,"2025-10-08T20:15:19","FR","paid_search"
482,"2025-10-07T09:03:02","DE","organic"
483,"2025-12-01T11:10:32","ES","paid_search"
484,"2025-11-01T13:44:13","NL","referral"
485,"2025-11-21T12:17:13","FR","paid_search"
486,"2025-11-28T18:44:48","NL","organic"
487,"2025-12-08T03:15:52","UK","email"
488,"2025-12-03T04:44:44","ES","social"
489,"2025-10-21T21:02:24","NL","paid_search"
490,"2025-10-23T04:25:43","NL","organic"
491,"2025-11-14T00:43:44","NL","paid_search"
492,"2025-10-10T05:33:57","FR","paid_search"
493,"2025-12-04T13:48:49","FR","organic"
494,"2025-10-15T19:40:28","IT","referral"
495,"2025-10-07T12:25:55","UK","email"
496,"2025-10-10T01:14:30","NL","organic"
497,"2025-12-11T17:31:10","FR","email"
498,"2025-11-24T00:26:16","UK","paid_search"
499,"2025-11-24T12:35:28","ES","organic"
500,"2025-10-12T20:49:10","NL","organic"
501,"2025-12-04T14:21:20","NL","email"
502,"2025-12-10T00:11:35","UK","referral"
503,"2025-11-28T07:03:24","FR","organic"
504,"2025-11-26T02:38:51","ES","organic"
505,"2025-12-03T18:18:23","NL","organic"
506,"2025-10-11T12:10:01","FR","email"
507,"2025-11-05T16:28:45","UK","social"
508,"2025-11-25T17:44:59","DE","email"
509,"2025-12-22T01:21:15","ES","referral"
510,"2025-12-19T11:04:22","ES","paid_search"
511,"2025-12-02T09:35:51","ES","organic"
512,"2025-12-30T04:55:23","IT","email"
513,"2025-10-26T23:11:54","UK","organic"
514,"2025-12-08T05:24:24","FR","referral"
515,"2025-11-04T01:56:37","UK","organic"
516,"2025-10-14T21:48:00","ES","social"
517,"2025-10-07T18:08:44","DE","social"
518,"2025-10-03T23:26:10","UK","social"
519,"2025-10-21T21:17:45","NL","paid_search"
520,"2025-11-03T02:20:42","DE","organic"
521,"2025-12-10T01:26:25","FR","social"
522,"2025-11-25T02:35:19","ES","organic"
523,"2025-10-06T02:35:14","DE","organic"
524,"2025-11-29T23:40:02","UK","social"
525,"2025-10-27T10:02:44","NL","social"
526,"2025-11-17T03:40:25","ES","paid_search"
527,"2025-10-27T12:31:29","DE","social"
528,"2025-10-12T01:12:50","FR","paid_search"
529,"2025-10-28T12:00:43","IT","social"
530,"2025-11-17T05:56:11","ES","social"
531,"2025-10-05T09:49:48","DE","organic"
532,"2025-11-28T04:31:42","UK","organic"
533,"2025-10-30T06:21:28","DE","social"
534,"2025-12-14T04:37:26","FR","organic"
535,"2025-10-12T15:35:01","UK","paid_search"
536,"2025-11-11T19:29:56","DE","organic"
537,"2025-11-21T17:00:24","IT","organic"
538,"2025-11-24T05:55:12","IT","email"
539,"2025-10-07T23:56:53","NL","email"
540,"2025-10-05T02:34:17","NL","organic"
541,"2025-12-29T10:27:50","UK","email"
542,"2025-11-25T21:36:57","NL","paid_search"
543,"2025-12-08T21:15:08","IT","paid_search"
544,"2025-10-12T04:22:24","NL","organic"
545,"2025-11-01T12:45:52","DE","email"
546,"2025-11-30T00:20:10","NL","email"
547,"2025-12-29T07:13:07","FR","organic"
548,"2025-12-21T23:47:28","UK","organic"
549,"2025-11-27T04:10:10","NL","paid_search"
550,"2025-11-08T10:12:11","FR","social"
551,"2025-10-22T12:18:01","FR","social"
552,"2025-10-08T09:58:36","ES","paid_search"
553,"2025-11-21T12:23:55","ES","organic"
554,"2025-12-15T08:44:34","FR","organic"
555,"2025-12-19T12:17:18","IT","email"
556,"2025-10-23T22:32:46","UK","organic"
557,"2025-10-20T03:40:35","DE","paid_search"
558,"2025-12-13T19:25:48","IT","organic"
559,"2025-12-15T00:51:59","IT","paid_search"
560,"2025-12-13T05:59:10","ES","social"
561,"2025-11-13T14:01:30","IT","referral"
562,"2025-11-24T19:21:40","IT","paid_search"
563,"2025-11-30T15:14:28","FR","email"
564,"2025-11-30T21:31:20","FR","organic"
565,"2025-10-07T15:07:06","NL","paid_search"
566,"2025-10-30T09:37:21","FR","paid_search"
567,"2025-11-04T04:05:05","ES","organic"
568,"2025-11-14T19:56:16","NL","organic"
569,"2025-11-05T19:13:15","FR","organic"
570,"2025-12-23T21:50:54","UK","paid_search"
571,"2025-11-19T05:33:13","NL","paid_search"
572,"2025-11-23T19:39:02","IT","email"
573,"2025-11-13T15:57:19","ES","social"
574,"2025-11-01T05:12:41","ES","paid_search"
575,"2025-10-15T15:31:54","UK","paid_search"
576,"2025-12-18T17:41:22","FR","referral"
577,"2025-10-09T04:30:04","ES","paid_search"
578,"2025-10-04T19:12:27","DE","social"
579,"2025-11-12T15:55:37","ES","paid_search"
580,"2025-10-16T09:54:19","FR","organic"
581,"2025-10-28T11:11:23","NL","paid_search"
582,"2025-11-02T20:27:09","IT","paid_search"
583,"2025-12-16T15:01:55","IT","paid_search"
584,"2025-10-07T09:35:08","FR","organic"
585,"2025-12-05T20:44:18","NL","organic"
586,"2025-12-10T06:25:17","IT","referral"
587,"2025-11-28T12:23:40","DE","organic"
588,"2025-11-26T13:52:53","IT","organic"
589,"2025-11-03T23:08:29","FR","referral"
590,"2025-12-07T19:34:34","IT","organic"
591,"2025-11-27T18:32:47","IT","referral"
592,"2025-10-31T01:22:41","ES","organic"
593,"2025-12-16T20:42:21","FR","email"
594,"2025-12-05T01:29:03","IT","email"
595,"2025-12-11T17:28:11","IT","referral"
596,"2025-10-10T01:45:40","IT","social"
597,"2025-11-19T08:51:50","FR","organic"
598,"2025-10-30T23:42:36","DE","referral"
599,"2025-11-03T04:17:38","NL","organic"
600,"2025-10-14T08:33:01","DE","organic"
601,"2025-12-21T23:39:38","UK","paid_search"
602,"2025-11-22T09:45:25","IT","email"
603,"2025-10-04T15:57:28","IT","organic"
604,"2025-12-14T09:37:34","ES","organic"
605,"2025-11-06T13:49:15","DE","organic"
606,"2025-12-20T17:10:27","IT","social"
607,"2025-12-18T13:12:30","DE","social"
608,"2025-10-05T05:48:38","NL","organic"
609,"2025-12-09T20:45:22","DE","referral"
610,"2025-11-29T06:47:25","FR","social"
611,"2025-12-16T02:23:13","NL","organic"
612,"2025-10-24T05:18:10","FR","referral"
613,"2025-12-16T03:42:54","NL","referral"
614,"2025-10-19T20:05:25","FR","social"
615,"2025-11-25T09:10:24","NL","paid_search"
616,"2025-10-28T08:34:32","NL","paid_search"
617,"2025-11-10T15:33:01","DE","email"
618,"2025-12-17T19:04:09","ES","organic"
619,"2025-10-25T06:32:58","UK","paid_search"
620,"2025-12-24T20:50:24","FR","paid_search"
621,"2025-10-10T23:03:05","IT","email"
622,"2025-12-22T15:21:38","UK","organic"
623,"2025-12-14T02:11:27","DE","organic"
624,"2025-12-27T21:30:58","ES","organic"
625,"2025-11-12T11:23:05","UK","referral"
626,"2025-10-22T13:23:09","NL","email"
627,"2025-12-30T08:09:24","UK","paid_search"
628,"2025-11-08T11:48:16","ES","organic"
629,"2025-11-07T11:49:56","UK","organic"
630,"2025-10-03T17:40:54","FR","referral"
631,"2025-12-21T11:25:20","IT","paid_search"
632,"2025-12-16T20:03:01","DE","organic"
633,"2025-10-28T20:28:38","NL","social"
634,"2025-10-14T11:24:37","IT","paid_search"
635,"2025-11-29T17:51:55","UK","referral"
636,"2025-10-02T20:16:56","FR","organic"
637,"2025-10-15T12:24:21","ES","referral"
638,"2025-11-29T02:47:36","ES","paid_search"
639,"2025-12-15T08:36:47","FR","organic"
640,"2025-10-12T19:55:38","UK","organic"
641,"2025-12-02T00:51:55","ES","paid_search"
642,"2025-10-11T18:19:03","NL","paid_search"
643,"2025-10-02T14:17:49","IT","paid_search"
644,"2025-10-24T11:45:24","IT","organic"
645,"2025-11-11T16:11:56","UK","paid_search"
646,"2025-10-24T08:33:19","ES","paid_search"
647,"2025-12-04T12:05:50","IT","organic"
648,"2025-11-05T00:16:03","UK","referral"
649,"2025-11-22T19:48:10","ES","social"
650,"2025-11-19T06:50:46","ES","organic"
651,"2025-12-24T19:00:35","NL","organic"
652,"2025-11-07T13:29:55","FR","organic"
653,"2025-10-02T13:50:49","FR","social"
654,"2025-11-03T11:26:52","DE","social"
655,"2025-11-30T23:56:41","UK","social"
656,"2025-12-11T09:06:35","FR","organic"
657,"2025-11-04T04:54:58","ES","organic"
658,"2025-12-02T09:49:20","DE","email"
659,"2025-12-06T11:25:33","NL","referral"
660,"2025-11-16T11:03:30","IT","organic"
661,"2025-10-14T02:13:45","UK","social"
662,"2025-11-14T10:28:14","UK","organic"
663,"2025-10-05T06:04:33","DE","email"
664,"2025-10-31T15:23:29","FR","paid_search"
665,"2025-12-19T04:02:01","ES","paid_search"
666,"2025-10-04T13:19:57","IT","organic"
667,"2025-11-04T15:48:36","UK","email"
668,"2025-11-02T05:26:26","FR","organic"
669,"2025-11-05T17:32:48","NL","email"
670,"2025-12-12T04:01:56","NL","email"
671,"2025-11-07T12:56:51","FR","referral"
672,"2025-11-18T04:14:14","IT","paid_search"
673,"2025-12-29T17:47:58","ES","organic"
674,"2025-10-09T00:29:55","IT","paid_search"
675,"2025-11-11T19:23:14","ES","referral"
676,"2025-10-18T12:29:38","ES","organic"
677,"2025-10-10T23:04:13","UK","organic"
678,"2025-10-29T16:53:27","FR","paid_search"
679,"2025-12-09T16:16:32","NL","organic"
680,"2025-11-13T02:22:53","FR","paid_search"
681,"2025-12-10T13:36:01","FR","paid_search"
682,"2025-11-12T05:29:05","FR","paid_search"
683,"2025-12-16T20:16:37","UK","organic"
684,"2025-12-01T21:30:42","NL","organic"
685,"2025-12-17T18:41:20","IT","social"
686,"2025-10-04T00:33:46","DE","email"
687,"2025-12-05T20:03:41","NL","organic"
688,"2025-10-07T12:39:54","DE","social"
689,"2025-11-05T13:36:25","FR","organic"
690,"2025-11-25T01:46:32","UK","paid_search"
691,"2025-12-05T22:19:45","NL","referral"
692,"2025-11-06T02:51:14","NL","social"
693,"2025-11-25T17:20:04","DE","paid_search"
694,"2025-11-08T15:29:11","FR","paid_search"
695,"2025-10-25T05:38:14","UK","organic"
696,"2025-10-19T01:31:24","NL","paid_search"
697,"2025-12-28T16:42:29","ES","organic"
698,"2025-12-15T05:47:53","FR","social"
699,"2025-10-21T19:59:07","ES","organic"
700,"2025-12-28T23:33:02","NL","organic"
701,"2025-10-14T04:16:12","UK","paid_search"
702,"2025-12-27T06:04:26","IT","paid_search"
703,"2025-10-09T12:34:02","IT","referral"
704,"2025-11-01T00:41:36","IT","organic"
705,"2025-10-07T07:19:08","ES","paid_search"
706,"2025-12-26T12:57:12","FR","email"
707,"2025-12-09T02:38:07","IT","referral"
708,"2025-12-01T21:56:55","DE","social"
709,"2025-11-19T09:29:12","DE","organic"
710,"2025-10-20T12:19:05","DE","organic"
711,"2025-11-17T23:09:16","UK","organic"
712,"2025-11-25T13:30:10","FR","paid_search"
713,"2025-11-23T13:25:49","DE","paid_search"
714,"2025-10-09T08:53:47","UK","organic"
715,"2025-12-09T14:34:34","IT","paid_search"
716,"2025-11-09T21:13:19","NL","email"
717,"2025-10-08T03:51:05","DE","referral"
718,"2025-12-02T08:45:26","UK","paid_search"
719,"2025-12-06T00:46:07","ES","organic"
720,"2025-12-25T05:47:43","ES","paid_search"
721,"2025-10-18T16:00:17","DE","paid_search"
722,"2025-12-28T10:06:48","UK","email"
723,"2025-11-20T07:15:55","DE","organic"
724,"2025-10-16T17:24:37","FR","referral"
725,"2025-10-22T21:23:01","FR","referral"
726,"2025-11-20T09:07:10","FR","email"
727,"2025-10-25T07:57:09","DE","paid_search"
728,"2025-11-23T11:33:12","FR","organic"
729,"2025-10-30T09:37:56","ES","paid_search"
730,"2025-11-18T19:04:49","IT","organic"
731,"2025-11-26T09:00:15","DE","organic"
732,"2025-11-30T15:08:31","IT","referral"
733,"2025-11-02T18:42:38","ES","organic"
734,"2025-12-23T20:45:21","UK","organic"
735,"2025-12-02T06:41:43","ES","organic"
736,"2025-10-21T11:13:08","ES","paid_search"
737,"2025-12-02T00:57:26","UK","paid_search"
738,"2025-11-30T21:23:53","ES","organic"
739,"2025-10-30T07:55:49","NL","organic"
740,"2025-12-18T09:15:36","IT","paid_search"
741,"2025-11-14T00:50:03","UK","social"
742,"2025-10-16T08:21:14","NL","paid_search"
743,"2025-11-15T02:13:43","DE","organic"
744,"2025-10-14T22:46:20","FR","email"
745,"2025-11-01T00:03:40","IT","referral"
746,"2025-11-03T12:46:18","NL","organic"
747,"2025-11-05T23:25:16","ES","paid_search"
748,"2025-10-31T23:35:38","DE","paid_search"
749,"2025-10-26T23:15:15","NL","organic"
750,"2025-10-10T09:35:15","UK","organic"
751,"2025-11-07T07:08:02","ES","paid_search"
752,"2025-12-24T00:18:45","DE","email"
753,"2025-12-30T15:47:55","ES","social"
754,"2025-10-19T10:20:43","DE","paid_search"
755,"2025-11-19T23:23:44","NL","paid_search"
756,"2025-10-30T22:57:05","NL","organic"
757,"2025-11-08T04:19:14","ES","paid_search"
758,"2025-10-24T08:56:18","DE","paid_search"
759,"2025-10-05T17:22:54","UK","organic"
760,"2025-11-28T00:19:10","IT","social"
761,"2025-10-28T17:50:31","ES","organic"
762,"2025-10-11T10:29:10","NL","organic"
763,"2025-10-26T16:15:59","IT","organic"
764,"2025-11-09T03:39:00","FR","organic"
765,"2025-10-05T23:12:21","ES","paid_search"
766,"2025-11-05T04:44:29","ES","organic"
767,"2025-11-07T12:15:28","ES","paid_search"
768,"2025-11-23T09:15:35","FR","email"
769,"2025-11-30T12:15:29","IT","paid_search"
770,"2025-10-13T11:48:26","UK","organic"
771,"2025-12-17T04:14:41","FR","paid_search"
772,"2025-11-05T11:55:28","DE","organic"
773,"2025-11-19T10:20:29","NL","paid_search"
774,"2025-10-05T09:33:52","UK","organic"
775,"2025-11-02T08:02:27","NL","paid_search"
776,"2025-10-15T11:03:24","ES","email"
777,"2025-10-14T13:42:47","FR","referral"
778,"2025-10-31T22:13:43","DE","organic"
779,"2025-11-29T20:33:00","IT","email"
780,"2025-11-27T15:28:43","FR","paid_search"
781,"2025-11-19T11:43:11","ES","paid_search"
782,"2025-11-24T15:42:30","FR","paid_search"
783,"2025-10-02T14:46:00","FR","organic"
784,"2025-10-11T15:23:49","NL","paid_search"
785,"2025-12-17T08:34:23","IT","email"
786,"2025-12-01T02:16:59","UK","paid_search"
787,"2025-10-26T18:43:50","IT","social"
788,"2025-12-15T08:35:18","ES","paid_search"
789,"2025-12-10T00:59:02","UK","paid_search"
790,"2025-10-17T13:19:18","ES","paid_search"
791,"2025-11-30T04:05:20","NL","organic"
792,"2025-12-06T02:12:31","DE","organic"
793,"2025-12-08T00:19:55","UK","organic"
794,"2025-11-12T19:41:39","FR","paid_search"
795,"2025-11-10T02:16:00","IT","organic"
796,"2025-11-18T17:19:27","ES","referral"
797,"2025-12-24T17:48:45","IT","social"
798,"2025-12-08T12:34:31","DE","paid_search"
799,"2025-11-24T10:57:39","FR","referral"
800,"2025-11-16T10:41:06","ES","organic"
801,"2025-10-17T19:32:39","NL","referral"
802,"2025-11-03T05:40:47","ES","organic"
803,"2025-12-14T22:51:59","IT","social"
804,"2025-12-18T00:38:46","IT","organic"
805,"2025-11-17T00:13:17","DE","referral"
806,"2025-10-28T02:07:55","ES","organic"
807,"2025-10-29T21:29:31","FR","social"
808,"2025-12-07T00:22:32","IT","paid_search"
809,"2025-11-16T14:01:22","FR","paid_search"
810,"2025-12-30T17:30:31","IT","organic"
811,"2025-10-12T19:59:14","ES","social"
812,"2025-11-06T20:45:05","NL","email"
813,"2025-12-15T01:22:13","DE","organic"
814,"2025-10-28T22:13:38","IT","organic"
815,"2025-12-29T17:05:54","NL","social"
816,"2025-12-12T13:25:29","NL","organic"
817,"2025-12-20T09:16:02","ES","organic"
818,"2025-11-24T13:35:48","IT","organic"
819,"2025-10-11T14:30:58","ES","social"
820,"2025-10-24T05:34:03","DE","organic"
821,"2025-12-27T21:13:55","ES","organic"
822,"2025-10-23T14:32:54","UK","organic"
823,"2025-11-02T01:38:23","IT","paid_search"
824,"2025-12-06T03:17:32","DE","organic"
825,"2025-11-23T10:24:51","DE","paid_search"
826,"2025-12-30T18:46:57","NL","paid_search"
827,"2025-10-20T08:45:57","FR","organic"
828,"2025-12-02T17:03:04","UK","referral"
829,"2025-10-09T16:27:30","IT","paid_search"
830,"2025-11-21T22:59:42","IT","social"
831,"2025-12-30T22:35:52","UK","referral"
832,"2025-10-17T23:55:49","NL","email"
833,"2025-10-18T01:37:02","UK","referral"
834,"2025-11-08T13:03:51","NL","organic"
835,"2025-12-12T17:18:14","FR","email"
836,"2025-10-01T21:35:38","FR","paid_search"
837,"2025-10-11T10:01:43","FR","organic"
838,"2025-12-02T06:21:58","ES","paid_search"
839,"2025-12-26T08:07:33","DE","email"
840,"2025-11-15T10:34:02","FR","organic"
841,"2025-10-11T22:29:09","FR","organic"
842,"2025-11-14T13:20:53","IT","organic"
843,"2025-10-19T01:52:31","UK","social"
844,"2025-12-16T18:37:19","FR","paid_search"
845,"2025-12-13T12:35:48","DE","organic"
846,"2025-12-23T02:57:57","IT","email"
847,"2025-12-20T07:01:33","NL","paid_search"
848,"2025-10-09T10:06:49","NL","social"
849,"2025-10-18T22:34:17","DE","paid_search"
850,"2025-12-30T20:37:52","DE","organic"
851,"2025-11-07T05:47:35","DE","paid_search"
852,"2025-10-26T22:08:30","FR","organic"
853,"2025-12-10T04:26:18","ES","organic"
854,"2025-12-03T11:11:33","FR","social"
855,"2025-10-07T00:45:36","IT","organic"
856,"2025-10-30T18:54:38","DE","paid_search"
857,"2025-11-18T18:57:27","IT","social"
858,"2025-12-07T00:29:35","UK","paid_search"
859,"2025-10-29T15:29:14","FR","paid_search"
860,"2025-10-22T06:36:23","DE","paid_search"
861,"2025-11-14T04:10:37","IT","referral"
862,"2025-11-06T06:36:32","NL","social"
863,"2025-12-28T14:58:15","NL","social"
864,"2025-12-17T20:47:01","IT","email"
865,"2025-12-13T23:15:41","DE","social"
866,"2025-11-27T20:20:53","UK","paid_search"
867,"2025-11-21T06:43:57","IT","organic"
868,"2025-12-29T01:20:06","ES","organic"
869,"2025-12-20T11:11:00","ES","referral"
870,"2025-10-20T15:03:33","ES","paid_search"
871,"2025-10-16T23:23:57","FR","email"
872,"2025-11-12T21:33:47","UK","social"
873,"2025-12-09T14:32:23","ES","paid_search"
874,"2025-12-27T06:33:50","ES","paid_search"
875,"2025-10-06T09:38:26","NL","organic"
876,"2025-11-10T08:00:33","NL","paid_search"
877,"2025-11-24T06:05:30","NL","social"
878,"2025-10-30T22:05:13","IT","organic"
879,"2025-10-25T16:55:41","UK","social"
880,"2025-11-26T03:33:46","UK","organic"
881,"2025-11-03T10:48:37","IT","organic"
882,"2025-10-06T20:24:20","UK","referral"
883,"2025-11-15T20:00:20","UK","organic"
884,"2025-10-18T11:23:12","DE","social"
885,"2025-12-10T19:22:03","IT","referral"
886,"2025-11-06T08:33:25","NL","paid_search"
887,"2025-12-29T01:01:58","NL","organic"
888,"2025-12-06T06:52:37","IT","email"
889,"2025-10-13T21:53:19","IT","email"
890,"2025-10-12T12:26:07","DE","referral"
891,"2025-11-08T03:53:34","ES","organic"
892,"2025-10-22T14:54:20","UK","social"
893,"2025-10-29T23:14:10","NL","social"
894,"2025-11-22T20:38:58","NL","paid_search"
895,"2025-12-19T22:34:07","DE","organic"
896,"2025-11-03T14:36:38","DE","organic"
897,"2025-12-24T23:22:58","IT","social"
898,"2025-10-04T03:04:18","IT","paid_search"
899,"2025-12-14T09:02:02","UK","organic"
900,"2025-10-07T12:47:57","UK","paid_search"
901,"2025-11-13T08:16:59","ES","social"
902,"2025-12-24T16:24:08","UK","organic"
903,"2025-10-05T07:04:44","NL","paid_search"
904,"2025-11-22T09:43:53","DE","social"
905,"2025-12-15T08:21:33","UK","organic"
906,"2025-10-29T02:01:57","DE","email"
907,"2025-12-11T00:33:33","ES","organic"
908,"2025-11-28T01:14:56","IT","email"
909,"2025-10-24T00:01:35","FR","email"
910,"2025-12-04T02:24:23","ES","organic"
911,"2025-10-30T04:13:04","FR","organic"
912,"2025-11-27T10:41:03","IT","referral"
913,"2025-11-30T18:40:11","IT","paid_search"
914,"2025-11-18T02:52:48","UK","referral"
915,"2025-12-02T11:02:06","IT","organic"
916,"2025-11-20T22:05:15","FR","social"
917,"2025-11-09T15:18:46","DE","organic"
918,"2025-10-18T20:28:08","ES","paid_search"
919,"2025-12-22T11:06:28","DE","organic"
920,"2025-12-08T16:46:24","DE","email"
921,"2025-12-28T19:30:05","UK","paid_search"
922,"2025-11-10T10:32:01","ES","paid_search"
923,"2025-11-07T17:04:55","DE","organic"
924,"2025-11-02T01:34:06","IT","organic"
925,"2025-11-13T16:04:45","FR","organic"
926,"2025-12-10T08:24:17","DE","organic"
927,"2025-11-06T14:51:54","IT","paid_search"
928,"2025-10-04T20:09:08","UK","organic"
929,"2025-12-13T22:52:52","ES","social"
930,"2025-11-24T06:12:57","DE","paid_search"
931,"2025-12-24T10:01:15","FR","organic"
932,"2025-12-28T06:06:35","UK","organic"
933,"2025-10-19T10:47:14","IT","organic"
934,"2025-12-13T05:43:04","NL","referral"
935,"2025-12-07T12:55:36","ES","social"
936,"2025-11-08T12:13:10","DE","paid_search"
937,"2025-12-15T07:04:41","FR","organic"
938,"2025-11-21T19:29:41","IT","organic"
939,"2025-10-26T09:28:57","FR","paid_search"
940,"2025-11-18T06:44:24","NL","organic"
941,"2025-12-10T03:20:44","NL","social"
942,"2025-11-01T02:11:51","DE","organic"
943,"2025-11-10T04:31:37","UK","paid_search"
944,"2025-10-22T11:36:21","IT","organic"
945,"2025-10-26T07:38:51","ES","referral"
946,"2025-11-26T05:30:02","IT","paid_search"
947,"2025-10-15T19:08:39","DE","organic"
948,"2025-11-06T21:05:26","ES","email"
949,"2025-11-18T11:27:24","ES","social"
950,"2025-12-06T11:48:29","FR","organic"
951,"2025-12-19T18:26:52","NL","referral"
952,"2025-12-02T07:15:23","IT","paid_search"
953,"2025-10-17T08:00:46","IT","social"
954,"2025-10-17T10:25:03","DE","social"
955,"2025-11-17T09:51:34","DE","referral"
956,"2025-11-22T15:16:13","IT","referral"
957,"2025-11-20T20:52:44","UK","email"
958,"2025-10-08T05:12:08","IT","organic"
959,"2025-10-01T14:52:31","NL","organic"
960,"2025-12-01T05:38:28","DE","organic"
961,"2025-10-15T15:55:28","UK","organic"
962,"2025-11-14T06:34:46","FR","organic"
963,"2025-12-01T22:00:55","IT","referral"
964,"2025-12-28T14:51:54","NL","social"
965,"2025-10-02T12:39:27","UK","paid_search"
966,"2025-11-09T22:29:17","UK","organic"
967,"2025-12-10T02:49:51","FR","paid_search"
968,"2025-10-28T20:01:57","UK","paid_search"
969,"2025-12-07T18:07:46","IT","paid_search"
970,"2025-12-28T07:55:32","DE","organic"
971,"2025-10-10T08:25:39","ES","organic"
972,"2025-10-19T15:14:02","ES","paid_search"
973,"2025-12-19T03:35:13","FR","organic"
974,"2025-11-08T12:50:08","UK","organic"
975,"2025-11-09T10:06:44","NL","paid_search"
976,"2025-12-07T16:40:42","DE","organic"
977,"2025-12-20T09:31:28","UK","social"
978,"2025-12-23T07:47:44","IT","social"
979,"2025-10-10T01:52:19","NL","organic"
980,"2025-11-23T15:53:15","NL","organic"
981,"2025-10-01T22:01:13","IT","organic"
982,"2025-11-18T12:45:16","NL","paid_search"
983,"2025-11-02T03:54:59","ES","referral"
984,"2025-10-10T06:12:33","ES","referral"
985,"2025-10-23T07:23:41","DE","referral"
986,"2025-12-07T05:08:50","ES","paid_search"
987,"2025-10-05T12:29:50","UK","social"
988,"2025-10-28T05:18:59","ES","paid_search"
989,"2025-10-04T04:40:00","DE","referral"
990,"2025-10-31T12:48:08","UK","referral"
991,"2025-11-26T23:53:35","DE","social"
992,"2025-12-09T04:44:16","NL","referral"
993,"2025-10-30T01:21:56","DE","paid_search"
994,"2025-11-25T00:29:49","NL","social"
995,"2025-11-22T11:36:06","FR","organic"
996,"2025-12-11T19:43:52","DE","social"
997,"2025-12-06T22:12:35","IT","organic"
998,"2025-12-12T09:02:22","FR","organic"
999,"2025-11-12T10:29:22","DE","email"
1000,"2025-11-03T01:38:19","ES","social"
1001,"2025-11-27T19:52:07","NL","referral"
1002,"2025-11-01T16:30:45","UK","paid_search"
1003,"2025-12-16T01:47:58","NL","paid_search"
1004,"2025-11-04T13:06:00","ES","referral"
1005,"2025-11-11T22:16:43","DE","social"
1006,"2025-12-04T03:28:37","NL","organic"
1007,"2025-11-30T01:28:46","FR","social"
1008,"2025-12-09T05:39:47","UK","organic"
1009,"2025-10-15T23:21:39","NL","social"
1010,"2025-12-01T13:05:46","DE","social"
1011,"2025-10-31T17:54:49","FR","organic"
1012,"2025-10-01T12:06:20","FR","paid_search"
1013,"2025-12-13T22:03:57","FR","organic"
1014,"2025-10-09T11:25:02","DE","paid_search"
1015,"2025-11-24T01:52:09","ES","paid_search"
1016,"2025-10-11T00:41:23","UK","organic"
1017,"2025-11-23T19:25:32","UK","paid_search"
1018,"2025-12-16T03:52:28","FR","email"
1019,"2025-10-02T04:45:20","FR","paid_search"
1020,"2025-12-15T15:35:44","UK","social"
1021,"2025-11-24T07:48:52","DE","paid_search"
1022,"2025-10-17T11:09:24","IT","organic"
1023,"2025-10-14T11:31:14","FR","organic"
1024,"2025-11-17T21:03:43","DE","organic"
1025,"2025-11-12T04:52:08","FR","paid_search"
1026,"2025-11-17T00:20:26","UK","organic"
1027,"2025-10-24T22:35:47","IT","paid_search"
1028,"2025-11-27T15:40:09","ES","organic"
1029,"2025-10-11T09:15:49","DE","organic"
1030,"2025-11-08T10:01:44","FR","email"
1031,"2025-11-06T21:12:27","FR","paid_search"
1032,"2025-11-11T19:24:30","IT","referral"
1033,"2025-10-14T05:11:34","FR","organic"
1034,"2025-12-07T12:08:54","DE","paid_search"
1035,"2025-10-18T05:55:29","NL","referral"
1036,"2025-10-29T07:07:24","IT","social"
1037,"2025-11-17T16:07:47","ES","social"
1038,"2025-11-01T15:22:11","NL","organic"
1039,"2025-12-16T07:12:06","NL","organic"
1040,"2025-12-30T11:52:25","ES","organic"
1041,"2025-11-22T23:24:28","DE","social"
1042,"2025-11-23T09:49:26","UK","referral"
1043,"2025-11-14T19:39:27","IT","organic"
1044,"2025-12-17T10:44:31","FR","email"
1045,"2025-10-07T17:09:04","NL","social"
1046,"2025-10-14T12:18:39","IT","organic"
1047,"2025-10-25T12:47:27","IT","organic"
1048,"2025-11-11T01:57:34","NL","organic"
1049,"2025-11-28T01:17:12","NL","paid_search"
1050,"2025-11-21T21:09:58","ES","referral"
1051,"2025-12-24T10:23:36","IT","paid_search"
1052,"2025-10-04T13:40:08","FR","social"
1053,"2025-12-18T20:47:20","ES","paid_search"
1054,"2025-12-28T18:42:33","UK","organic"
1055,"2025-10-25T02:25:12","IT","social"
1056,"2025-10-17T03:35:48","IT","paid_search"
1057,"2025-11-24T16:23:54","IT","social"
1058,"2025-11-08T19:10:36","FR","referral"
1059,"2025-11-11T19:02:02","UK","organic"
1060,"2025-10-26T02:54:14","DE","paid_search"
1061,"2025-11-20T08:53:11","ES","paid_search"
1062,"2025-11-25T20:23:44","DE","paid_search"
1063,"2025-11-07T23:24:31","NL","social"
1064,"2025-11-27T03:30:50","IT","paid_search"
1065,"2025-11-03T11:49:56","UK","paid_search"
1066,"2025-10-29T16:24:25","NL","referral"
1067,"2025-10-09T08:03:22","UK","email"
1068,"2025-12-10T21:22:28","DE","organic"
1069,"2025-11-03T07:24:11","NL","social"
1070,"2025-11-20T14:17:08","NL","organic"
1071,"2025-10-10T11:28:41","NL","social"
1072,"2025-11-13T22:16:42","FR","organic"
1073,"2025-10-05T08:07:08","IT","organic"
1074,"2025-12-22T10:43:58","FR","paid_search"
1075,"2025-12-05T17:50:56","DE","referral"
1076,"2025-12-11T21:27:56","DE","paid_search"
1077,"2025-11-23T14:02:39","DE","organic"
1078,"2025-11-11T09:30:45","NL","organic"
1079,"2025-11-09T07:49:44","IT","organic"
1080,"2025-12-02T04:25:26","IT","paid_search"
1081,"2025-10-03T20:01:22","IT","paid_search"
1082,"2025-10-20T03:47:57","NL","paid_search"
1083,"2025-11-07T18:03:10","UK","social"
1084,"2025-10-20T23:30:45","FR","social"
1085,"2025-12-18T12:28:37","UK","paid_search"
1086,"2025-12-17T14:58:31","ES","organic"
1087,"2025-11-01T15:35:59","DE","paid_search"
1088,"2025-10-26T11:19:39","IT","email"
1089,"2025-11-21T05:39:54","IT","organic"
1090,"2025-11-07T17:35:42","ES","organic"
1091,"2025-10-12T02:10:48","FR","organic"
1092,"2025-11-14T10:53:32","ES","organic"
1093,"2025-12-05T09:34:32","IT","email"
1094,"2025-12-29T04:41:08","ES","paid_search"
1095,"2025-12-05T06:07:48","DE","organic"
1096,"2025-10-24T03:54:53","FR","organic"
1097,"2025-11-06T05:51:58","IT","organic"
1098,"2025-11-07T17:11:06","NL","paid_search"
1099,"2025-11-25T19:23:42","NL","paid_search"
1100,"2025-11-17T06:01:25","IT","paid_search"
1101,"2025-12-29T05:48:01","IT","referral"
1102,"2025-10-17T19:39:58","ES","organic"
1103,"2025-10-29T01:02:01","DE","organic"
1104,"2025-12-21T17:58:03","NL","paid_search"
1105,"2025-12-24T00:48:46","FR","referral"
1106,"2025-11-17T01:13:14","DE","organic"
1107,"2025-11-07T06:39:17","ES","paid_search"
1108,"2025-11-18T01:21:48","NL","social"
1109,"2025-11-10T08:29:20","IT","email"
1110,"2025-11-17T10:45:08","DE","organic"
1111,"2025-10-03T23:54:38","DE","organic"
1112,"2025-10-27T16:27:13","DE","paid_search"
1113,"2025-10-17T07:57:19","NL","paid_search"
1114,"2025-12-15T00:09:59","NL","paid_search"
1115,"2025-10-11T23:48:02","ES","organic"
1116,"2025-12-15T06:08:39","ES","email"
1117,"2025-11-05T14:50:59","ES","email"
1118,"2025-10-05T00:57:34","IT","paid_search"
1119,"2025-10-22T05:14:22","NL","organic"
1120,"2025-12-20T14:12:17","IT","social"
1121,"2025-10-29T21:42:43","UK","paid_search"
1122,"2025-11-03T20:14:35","UK","paid_search"
1123,"2025-10-12T09:31:45","DE","organic"
1124,"2025-12-11T14:45:46","ES","social"
1125,"2025-12-23T14:23:19","IT","paid_search"
1126,"2025-11-11T13:42:05","DE","paid_search"
1127,"2025-12-16T04:49:53","DE","email"
1128,"2025-12-18T04:48:44","UK","paid_search"
1129,"2025-11-21T16:18:14","FR","paid_search"
1130,"2025-10-17T08:20:51","FR","referral"
1131,"2025-10-29T09:53:17","FR","paid_search"
1132,"2025-12-23T07:19:26","ES","referral"
1133,"2025-12-05T22:52:55","UK","organic"
1134,"2025-12-12T19:50:45","NL","referral"
1135,"2025-10-27T22:12:38","IT","organic"
1136,"2025-12-24T02:06:35","DE","organic"
1137,"2025-12-09T01:40:12","FR","email"
1138,"2025-12-13T22:21:43","IT","organic"
1139,"2025-10-14T19:17:02","ES","paid_search"
1140,"2025-11-30T22:54:35","NL","organic"
1141,"2025-10-08T07:57:56","IT","social"
1142,"2025-12-14T15:37:48","UK","paid_search"
1143,"2025-12-12T19:09:58","FR","social"
1144,"2025-12-25T04:17:51","FR","paid_search"
1145,"2025-11-17T09:13:33","FR","paid_search"
1146,"2025-12-24T08:42:06","IT","organic"
1147,"2025-11-14T12:15:51","IT","social"
1148,"2025-11-04T18:43:10","UK","social"
1149,"2025-11-08T14:44:42","DE","referral"
1150,"2025-12-20T02:02:03","DE","paid_search"
1151,"2025-11-01T08:19:49","FR","organic"
1152,"2025-11-26T02:40:58","DE","paid_search"
1153,"2025-11-17T02:55:09","FR","email"
1154,"2025-12-14T00:10:50","UK","organic"
1155,"2025-11-30T19:06:14","NL","organic"
1156,"2025-12-30T05:44:08","DE","paid_search"
1157,"2025-10-01T01:34:30","NL","organic"
1158,"2025-12-06T20:32:07","DE","email"
1159,"2025-10-30T07:23:51","DE","email"
1160,"2025-12-25T02:36:52","FR","organic"
1161,"2025-11-04T23:52:31","FR","organic"
1162,"2025-12-04T12:25:03","IT","organic"
1163,"2025-11-08T11:32:34","IT","organic"
1164,"2025-12-07T21:48:59","DE","paid_search"
1165,"2025-10-09T20:30:34","IT","organic"
1166,"2025-10-21T17:18:26","NL","organic"
1167,"2025-11-27T15:22:24","DE","paid_search"
1168,"2025-11-13T05:04:51","UK","organic"
1169,"2025-11-03T08:35:08","UK","referral"
1170,"2025-11-11T00:03:46","IT","organic"
1171,"2025-10-07T21:02:30","DE","organic"
1172,"2025-12-10T22:48:07","UK","organic"
1173,"2025-11-05T16:28:50","FR","organic"
1174,"2025-12-15T02:17:36","DE","paid_search"
1175,"2025-12-05T17:50:37","DE","organic"
1176,"2025-11-24T16:33:49","UK","paid_search"
1177,"2025-10-16T22:25:09","NL","organic"
1178,"2025-10-21T16:27:18","IT","social"
1179,"2025-12-29T07:30:31","NL","paid_search"
1180,"2025-11-12T22:49:44","DE","organic"
1181,"2025-10-10T18:06:02","DE","social"
1182,"2025-11-27T05:48:24","IT","organic"
1183,"2025-11-11T16:32:53","FR","social"
1184,"2025-10-25T01:23:02","FR","paid_search"
1185,"2025-10-25T02:16:15","ES","paid_search"
1186,"2025-12-10T00:28:13","ES","organic"
1187,"2025-12-07T00:55:33","UK","email"
1188,"2025-12-03T22:11:44","FR","organic"
1189,"2025-11-28T22:14:31","ES","organic"
1190,"2025-11-08T00:50:45","FR","paid_search"
1191,"2025-12-16T02:23:24","DE","paid_search"
1192,"2025-10-11T22:42:42","DE","paid_search"
1193,"2025-11-27T15:57:24","UK","paid_search"
1194,"2025-10-02T04:07:05","FR","referral"
1195,"2025-10-13T19:32:32","NL","email"
1196,"2025-11-25T04:25:20","NL","organic"
1197,"2025-12-06T07:22:13","DE","social"
1198,"2025-12-14T19:05:07","UK","organic"
1199,"2025-10-07T13:21:44","UK","organic"
1200,"2025-10-04T20:48:11","UK","referral"
1201,"2025-11-08T15:20:56","ES","organic"
1202,"2025-12-09T04:32:45","ES","social"
1203,"2025-11-11T03:00:06","IT","paid_search"
1204,"2025-12-02T04:33:36","ES","paid_search"
1205,"2025-10-15T19:46:16","FR","organic"
1206,"2025-10-08T16:08:00","ES","referral"
1207,"2025-12-18T10:54:59","DE","paid_search"
1208,"2025-11-07T22:28:13","ES","paid_search"
1209,"2025-12-21T00:35:15","IT","social"
1210,"2025-10-07T10:03:33","FR","social"
1211,"2025-12-10T20:55:34","DE","organic"
1212,"2025-10-09T08:53:25","NL","organic"
1213,"2025-11-29T10:45:17","ES","organic"
1214,"2025-12-04T16:04:40","IT","social"
1215,"2025-10-18T01:17:04","UK","organic"
1216,"2025-10-14T07:43:35","IT","organic"
1217,"2025-11-18T04:43:33","FR","paid_search"
1218,"2025-12-16T00:29:31","IT","organic"
1219,"2025-11-06T02:31:06","DE","social"
1220,"2025-12-24T19:18:34","FR","social"
1221,"2025-10-12T11:05:31","UK","organic"
1222,"2025-11-11T16:23:55","FR","paid_search"
1223,"2025-10-26T12:43:01","IT","referral"
1224,"2025-11-30T22:15:26","UK","paid_search"
1225,"2025-11-19T14:12:28","FR","organic"
1226,"2025-12-23T10:27:12","ES","organic"
1227,"2025-10-16T06:33:31","FR","social"
1228,"2025-12-26T19:47:47","ES","social"
1229,"2025-10-12T04:44:48","DE","social"
1230,"2025-10-01T05:59:06","UK","email"
1231,"2025-10-02T04:37:59","DE","organic"
1232,"2025-11-05T08:07:36","NL","referral"
1233,"2025-10-18T09:00:33","UK","paid_search"
1234,"2025-12-28T17:39:08","IT","social"
1235,"2025-11-10T17:12:04","DE","organic"
1236,"2025-11-10T09:56:53","IT","organic"
1237,"2025-12-20T04:42:45","UK","paid_search"
1238,"2025-10-12T14:13:27","ES","social"
1239,"2025-10-06T02:44:06","DE","organic"
1240,"2025-11-20T01:50:26","UK","referral"
1241,"2025-10-07T16:36:36","NL","email"
1242,"2025-12-15T02:26:58","FR","organic"
1243,"2025-11-23T16:47:46","NL","organic"
1244,"2025-10-20T11:35:51","FR","paid_search"
1245,"2025-10-30T12:09:36","IT","paid_search"
1246,"2025-11-15T01:01:39","FR","paid_search"
1247,"2025-11-17T21:36:49","DE","social"
1248,"2025-11-23T01:34:31","DE","organic"
1249,"2025-12-30T12:38:37","NL","organic"
1250,"2025-11-22T13:53:30","FR","paid_search"
1251,"2025-12-07T07:52:50","UK","referral"
1252,"2025-10-01T03:24:24","IT","organic"
1253,"2025-12-11T15:51:26","IT","organic"
1254,"2025-10-20T22:08:15","ES","referral"
1255,"2025-11-10T18:14:30","NL","referral"
1256,"2025-10-14T19:45:15","IT","organic"
1257,"2025-10-05T06:17:42","DE","email"
1258,"2025-11-20T11:07:36","NL","social"
1259,"2025-11-06T03:58:09","NL","referral"
1260,"2025-10-09T05:50:13","ES","organic"
1261,"2025-10-13T23:06:35","IT","email"
1262,"2025-10-08T06:22:03","ES","paid_search"
1263,"2025-11-12T05:35:00","IT","referral"
1264,"2025-10-23T23:43:05","FR","organic"
1265,"2025-10-31T14:01:26","NL","social"
1266,"2025-12-11T09:29:46","FR","organic"
1267,"2025-10-27T09:42:11","DE","organic"
1268,"2025-10-20T16:21:16","DE","social"
1269,"2025-11-26T18:28:06","UK","organic"
1270,"2025-10-16T23:01:17","NL","paid_search"
1271,"2025-11-09T11:14:34","UK","paid_search"
1272,"2025-12-14T19:00:53","DE","paid_search"
1273,"2025-11-14T23:40:32","FR","email"
1274,"2025-10-09T18:41:45","DE","email"
1275,"2025-10-30T12:52:20","IT","social"
1276,"2025-10-04T21:58:30","DE","email"
1277,"2025-11-01T19:48:52","DE","organic"
1278,"2025-10-25T02:23:30","FR","organic"
1279,"2025-10-05T18:03:47","IT","organic"
1280,"2025-12-19T14:56:50","DE","organic"
1281,"2025-11-09T06:18:07","NL","paid_search"
1282,"2025-11-23T09:52:28","DE","organic"
1283,"2025-10-10T21:27:40","DE","organic"
1284,"2025-10-06T23:41:58","DE","organic"
1285,"2025-12-19T23:17:53","NL","organic"
1286,"2025-12-01T04:41:59","IT","organic"
1287,"2025-11-26T21:45:20","FR","referral"
1288,"2025-10-08T06:43:58","UK","referral"
1289,"2025-10-20T04:47:30","IT","paid_search"
1290,"2025-10-13T12:06:21","UK","referral"
1291,"2025-12-20T12:32:23","FR","organic"
1292,"2025-11-14T18:11:45","UK","organic"
1293,"2025-11-25T17:14:49","NL","email"
1294,"2025-11-08T08:24:49","NL","organic"
1295,"2025-12-06T08:00:05","NL","organic"
1296,"2025-10-21T20:19:29","DE","organic"
1297,"2025-11-13T07:16:55","DE","organic"
1298,"2025-11-30T02:47:09","ES","organic"
1299,"2025-10-29T15:38:41","NL","paid_search"
1300,"2025-11-23T11:11:51","NL","organic"
1301,"2025-10-28T03:55:31","NL","organic"
1302,"2025-10-20T08:46:13","IT","email"
1303,"2025-11-21T01:14:08","DE","paid_search"
1304,"2025-12-17T21:11:13","ES","social"
1305,"2025-11-07T03:17:06","IT","organic"
1306,"2025-11-22T20:49:06","NL","organic"
1307,"2025-11-24T22:03:45","ES","organic"
1308,"2025-10-27T06:09:38","DE","organic"
1309,"2025-11-27T23:22:55","DE","organic"
1310,"2025-12-18T17:02:35","FR","organic"
1311,"2025-11-15T19:06:15","ES","organic"
1312,"2025-11-26T16:47:34","DE","referral"
1313,"2025-10-10T17:19:47","DE","social"
1314,"2025-10-26T21:03:10","ES","email"
1315,"2025-12-29T01:22:10","IT","organic"
1316,"2025-10-22T07:15:57","ES","email"
1317,"2025-12-17T10:03:17","NL","organic"
1318,"2025-12-21T11:31:46","DE","organic"
1319,"2025-11-27T12:40:13","FR","email"
1320,"2025-12-07T17:35:15","FR","referral"
1321,"2025-10-03T17:43:33","IT","social"
1322,"2025-11-25T02:43:24","ES","organic"
1323,"2025-10-19T06:36:58","NL","paid_search"
1324,"2025-10-18T01:04:36","NL","organic"
1325,"2025-10-06T10:52:51","DE","paid_search"
1326,"2025-10-02T22:26:08","ES","paid_search"
1327,"2025-11-02T04:59:46","ES","organic"
1328,"2025-10-13T16:03:45","FR","social"
1329,"2025-12-29T04:54:51","FR","organic"
1330,"2025-10-15T08:11:38","ES","social"
1331,"2025-10-14T18:04:28","UK","email"
1332,"2025-12-23T13:30:18","FR","referral"
1333,"2025-11-06T06:31:46","IT","referral"
1334,"2025-11-08T09:48:16","ES","organic"
1335,"2025-10-30T07:09:49","FR","organic"
1336,"2025-10-16T07:00:38","IT","referral"
1337,"2025-12-16T21:07:36","IT","referral"
1338,"2025-12-03T00:41:58","FR","organic"
1339,"2025-11-24T13:30:07","IT","email"
1340,"2025-11-29T14:02:44","FR","organic"
1341,"2025-11-27T04:21:11","DE","organic"
1342,"2025-12-11T06:19:56","IT","organic"
1343,"2025-10-18T06:05:25","IT","organic"
1344,"2025-12-08T03:47:53","ES","organic"
1345,"2025-12-14T20:09:53","ES","organic"
1346,"2025-11-28T11:40:02","FR","referral"
1347,"2025-11-29T08:37:16","DE","paid_search"
1348,"2025-10-11T02:35:39","NL","organic"
1349,"2025-12-12T08:46:33","UK","organic"
1350,"2025-11-01T00:31:56","DE","paid_search"
1351,"2025-10-09T14:44:47","IT","social"
1352,"2025-12-10T19:21:33","FR","paid_search"
1353,"2025-10-26T17:59:23","DE","organic"
1354,"2025-10-07T13:58:23","FR","organic"
1355,"2025-10-11T11:44:19","IT","organic"
1356,"2025-11-07T11:17:55","NL","social"
1357,"2025-10-17T03:35:47","NL","paid_search"
1358,"2025-11-06T18:27:51","FR","paid_search"
1359,"2025-10-10T20:20:44","NL","social"
1360,"2025-11-26T02:58:00","IT","social"
1361,"2025-10-22T21:38:45","DE","paid_search"
1362,"2025-12-17T14:15:29","UK","organic"
1363,"2025-10-31T22:39:51","FR","referral"
1364,"2025-10-08T04:53:58","FR","organic"
1365,"2025-11-06T10:52:49","DE","social"
1366,"2025-11-23T02:42:36","UK","organic"
1367,"2025-11-29T13:53:45","NL","social"
1368,"2025-11-11T21:03:22","IT","organic"
1369,"2025-12-26T09:16:31","NL","organic"
1370,"2025-10-10T19:56:52","FR","organic"
1371,"2025-10-19T10:41:43","NL","social"
1372,"2025-12-10T02:28:14","IT","paid_search"
1373,"2025-12-04T03:18:16","FR","organic"
1374,"2025-10-10T07:30:01","UK","organic"
1375,"2025-11-23T08:48:24","NL","organic"
1376,"2025-11-05T00:47:32","UK","paid_search"
1377,"2025-10-29T14:20:59","IT","paid_search"
1378,"2025-11-16T15:14:46","DE","organic"
1379,"2025-10-21T02:14:07","DE","paid_search"
1380,"2025-10-08T22:55:29","NL","email"
1381,"2025-10-30T22:30:55","NL","paid_search"
1382,"2025-12-26T21:12:56","IT","organic"
1383,"2025-12-02T07:39:25","ES","organic"
1384,"2025-11-06T00:32:25","NL","organic"
1385,"2025-11-13T06:43:54","UK","organic"
1386,"2025-11-15T03:39:48","FR","organic"
1387,"2025-10-27T01:47:41","ES","organic"
1388,"2025-12-13T00:50:05","IT","social"
1389,"2025-10-09T07:42:45","IT","organic"
1390,"2025-11-22T13:40:03","NL","referral"
1391,"2025-11-27T06:09:43","DE","paid_search"
1392,"2025-12-21T15:11:57","NL","email"
1393,"2025-11-10T15:29:00","ES","social"
1394,"2025-12-30T21:52:49","NL","paid_search"
1395,"2025-10-23T21:05:08","NL","organic"
1396,"2025-11-08T07:57:39","IT","organic"
1397,"2025-11-25T11:02:20","ES","email"
1398,"2025-12-05T18:46:14","ES","organic"
1399,"2025-12-13T12:22:39","NL","organic"
1400,"2025-10-17T05:31:19","DE","email"
1401,"2025-10-13T06:02:04","UK","paid_search"
1402,"2025-12-06T07:47:51","NL","organic"
1403,"2025-12-19T20:42:47","IT","organic"
1404,"2025-11-27T18:33:41","FR","organic"
1405,"2025-12-10T14:16:22","UK","organic"
1406,"2025-11-24T00:25:21","NL","paid_search"
1407,"2025-12-23T04:04:44","FR","paid_search"
1408,"2025-12-29T01:08:31","UK","social"
1409,"2025-11-30T11:49:48","ES","paid_search"
1410,"2025-11-10T17:43:28","UK","paid_search"
1411,"2025-10-15T09:19:49","ES","paid_search"
1412,"2025-12-13T15:08:50","UK","referral"
1413,"2025-11-24T15:08:53","UK","social"
1414,"2025-12-24T05:21:49","ES","email"
1415,"2025-12-25T05:38:24","NL","organic"
1416,"2025-12-03T13:45:57","NL","paid_search"
1417,"2025-11-15T22:16:42","UK","organic"
1418,"2025-11-09T02:59:50","DE","paid_search"
1419,"2025-12-06T02:24:32","IT","paid_search"
1420,"2025-11-08T10:15:50","FR","social"
1421,"2025-10-05T18:51:22","IT","paid_search"
1422,"2025-10-27T01:50:48","FR","organic"
1423,"2025-12-19T08:38:50","FR","organic"
1424,"2025-12-21T19:58:29","NL","email"
1425,"2025-12-06T11:49:15","UK","referral"
1426,"2025-10-23T03:10:45","DE","organic"
1427,"2025-12-12T05:00:06","NL","social"
1428,"2025-11-01T03:40:38","FR","social"
1429,"2025-11-28T17:42:12","IT","organic"
1430,"2025-11-12T21:16:27","DE","referral"
1431,"2025-11-09T12:46:32","IT","paid_search"
1432,"2025-11-20T03:32:07","FR","email"
1433,"2025-11-20T00:39:55","DE","organic"
1434,"2025-12-08T21:24:59","ES","paid_search"
1435,"2025-12-15T18:44:06","ES","email"
1436,"2025-10-03T19:27:14","DE","organic"
1437,"2025-12-20T20:52:02","DE","email"
1438,"2025-10-25T05:21:16","UK","paid_search"
1439,"2025-12-29T03:10:02","FR","social"
1440,"2025-10-27T14:24:49","FR","email"
1441,"2025-11-19T01:01:47","NL","paid_search"
1442,"2025-10-13T00:38:40","IT","organic"
1443,"2025-11-06T03:54:37","NL","paid_search"
1444,"2025-10-18T05:47:59","NL","paid_search"
1445,"2025-11-03T22:59:58","FR","organic"
1446,"2025-12-26T20:19:02","FR","social"
1447,"2025-12-06T21:08:17","UK","organic"
1448,"2025-11-07T12:45:47","UK","organic"
1449,"2025-11-25T13:27:28","DE","email"
1450,"2025-12-02T20:30:16","DE","social"
1451,"2025-10-27T03:00:36","IT","paid_search"
1452,"2025-10-02T22:43:31","IT","organic"
1453,"2025-12-28T11:59:05","DE","paid_search"
1454,"2025-11-28T08:45:44","UK","organic"
1455,"2025-11-29T01:32:38","FR","social"
1456,"2025-12-08T20:56:51","IT","organic"
1457,"2025-12-26T22:37:35","NL","email"
1458,"2025-11-14T13:32:34","FR","organic"
1459,"2025-10-30T08:02:56","IT","paid_search"
1460,"2025-11-30T13:06:27","NL","paid_search"
1461,"2025-10-01T17:07:15","ES","referral"
1462,"2025-12-21T20:59:38","FR","paid_search"
1463,"2025-11-27T15:35:25","ES","organic"
1464,"2025-12-06T10:47:53","UK","paid_search"
1465,"2025-11-02T15:35:51","FR","paid_search"
1466,"2025-12-23T15:25:15","FR","organic"
1467,"2025-12-09T00:58:06","IT","organic"
1468,"2025-10-15T13:21:38","ES","social"
1469,"2025-12-27T08:25:21","UK","email"
1470,"2025-12-17T21:38:34","ES","paid_search"
1471,"2025-11-01T00:41:19","IT","organic"
1472,"2025-10-03T11:18:54","IT","paid_search"
1473,"2025-10-29T16:48:31","FR","referral"
1474,"2025-11-09T06:47:01","NL","social"
1475,"2025-11-26T14:32:37","IT","referral"
1476,"2025-12-19T05:27:07","DE","organic"
1477,"2025-12-09T06:16:15","DE","social"
1478,"2025-12-01T23:22:42","NL","referral"
1479,"2025-12-05T05:34:01","FR","paid_search"
1480,"2025-12-22T01:58:10","DE","email"
1481,"2025-12-25T02:22:51","ES","organic"
1482,"2025-10-10T11:25:53","NL","organic"
1483,"2025-10-26T02:42:08","IT","email"
1484,"2025-12-14T01:43:41","DE","referral"
1485,"2025-12-27T08:11:57","FR","social"
1486,"2025-10-22T13:53:17","FR","organic"
1487,"2025-12-24T14:35:03","FR","paid_search"
1488,"2025-12-26T02:29:42","FR","organic"
1489,"2025-11-26T20:28:43","FR","paid_search"
1490,"2025-10-12T10:27:02","NL","organic"
1491,"2025-12-01T14:15:05","ES","paid_search"
1492,"2025-11-30T06:13:48","UK","paid_search"
1493,"2025-10-19T21:19:11","ES","organic"
1494,"2025-12-06T02:08:26","NL","paid_search"
1495,"2025-11-10T02:36:34","UK","email"
1496,"2025-10-15T15:20:21","DE","referral"
1497,"2025-11-03T06:28:43","NL","referral"
1498,"2025-12-26T16:28:47","NL","organic"
1499,"2025-12-23T17:31:24","IT","organic"
1500,"2025-10-08T20:18:15","NL","organic"
1501,"2025-10-18T04:01:49","FR","paid_search"
1502,"2025-10-01T10:58:59","NL","organic"
1503,"2025-12-13T21:42:32","DE","paid_search"
1504,"2025-10-16T09:10:50","NL","social"
1505,"2025-12-15T16:57:17","UK","organic"
1506,"2025-11-12T02:37:15","IT","paid_search"
1507,"2025-11-11T15:42:06","NL","organic"
1508,"2025-10-04T15:54:22","ES","organic"
1509,"2025-11-06T05:23:21","UK","email"
1510,"2025-12-13T11:34:58","ES","organic"
1511,"2025-12-05T16:56:14","UK","paid_search"
1512,"2025-10-25T03:47:59","DE","social"
1513,"2025-11-03T10:23:35","FR","organic"
1514,"2025-11-07T05:44:14","ES","paid_search"
1515,"2025-10-17T05:11:06","UK","email"
1516,"2025-10-29T22:51:41","FR","paid_search"
1517,"2025-11-20T12:21:35","ES","paid_search"
1518,"2025-11-12T02:30:47","IT","referral"
1519,"2025-11-03T06:37:31","NL","organic"
1520,"2025-10-19T07:03:52","DE","referral"
1521,"2025-12-29T03:34:25","NL","organic"
1522,"2025-10-22T18:42:23","IT","referral"
1523,"2025-10-21T12:06:32","IT","organic"
1524,"2025-11-18T23:52:53","DE","organic"
1525,"2025-12-09T01:00:23","IT","social"
1526,"2025-11-06T10:15:42","IT","organic"
1527,"2025-11-21T22:01:09","ES","organic"
1528,"2025-10-05T15:45:20","IT","organic"
1529,"2025-12-21T04:18:03","UK","organic"
1530,"2025-10-12T05:48:35","NL","paid_search"
1531,"2025-10-12T23:59:50","ES","organic"
1532,"2025-12-08T03:28:17","DE","organic"
1533,"2025-12-06T13:53:24","IT","organic"
1534,"2025-11-10T20:42:05","IT","organic"
1535,"2025-11-20T12:24:30","FR","paid_search"
1536,"2025-12-08T00:48:38","DE","paid_search"
1537,"2025-12-27T05:56:27","UK","paid_search"
1538,"2025-11-29T23:20:26","UK","organic"
1539,"2025-12-16T04:37:24","UK","paid_search"
1540,"2025-11-29T03:04:37","DE","social"
1541,"2025-12-20T17:31:57","ES","referral"
1542,"2025-11-04T18:01:05","IT","paid_search"
1543,"2025-10-16T13:41:51","UK","paid_search"
1544,"2025-12-28T09:17:04","DE","social"
1545,"2025-11-16T16:01:41","FR","organic"
1546,"2025-10-02T05:42:29","IT","organic"
1547,"2025-10-11T17:19:21","ES","social"
1548,"2025-10-15T11:31:54","UK","social"
1549,"2025-10-08T06:52:30","IT","social"
1550,"2025-12-27T20:17:19","FR","paid_search"
1551,"2025-11-14T08:18:27","FR","organic"
1552,"2025-10-05T20:41:43","UK","email"
1553,"2025-12-24T20:53:41","UK","email"
1554,"2025-11-04T23:21:39","IT","organic"
1555,"2025-12-11T16:55:24","UK","organic"
1556,"2025-12-13T14:44:36","UK","organic"
1557,"2025-10-14T10:28:56","IT","paid_search"
1558,"2025-11-01T21:50:06","FR","email"
1559,"2025-11-30T08:54:55","FR","email"
1560,"2025-10-10T00:35:32","FR","email"
1561,"2025-10-18T18:06:59","UK","paid_search"
1562,"2025-11-14T07:48:44","FR","email"
1563,"2025-12-06T23:35:21","NL","social"
1564,"2025-12-02T23:55:18","DE","organic"
1565,"2025-12-07T14:11:36","IT","organic"
1566,"2025-12-21T23:28:39","DE","organic"
1567,"2025-12-28T11:18:44","ES","paid_search"
1568,"2025-11-25T05:44:03","IT","paid_search"
1569,"2025-11-29T08:29:10","NL","social"
1570,"2025-11-29T08:34:06","UK","email"
1571,"2025-12-25T10:25:57","IT","referral"
1572,"2025-10-13T16:26:56","NL","referral"
1573,"2025-10-11T23:09:48","NL","paid_search"
1574,"2025-10-07T03:35:01","FR","social"
1575,"2025-10-02T04:48:04","IT","email"
1576,"2025-11-20T22:54:51","IT","paid_search"
1577,"2025-11-24T20:34:26","DE","referral"
1578,"2025-12-05T00:51:01","FR","paid_search"
1579,"2025-12-06T19:43:09","IT","paid_search"
1580,"2025-11-12T00:36:31","IT","social"
1581,"2025-11-16T18:58:39","FR","social"
1582,"2025-12-02T06:34:50","NL","organic"
1583,"2025-12-20T05:44:22","ES","email"
1584,"2025-11-29T12:11:35","UK","organic"
1585,"2025-12-30T17:14:35","DE","paid_search"
1586,"2025-11-15T13:31:20","NL","email"
1587,"2025-10-08T06:26:55","NL","organic"
1588,"2025-11-02T03:02:27","FR","organic"
1589,"2025-10-22T14:56:37","ES","paid_search"
1590,"2025-11-09T03:42:12","DE","organic"
1591,"2025-11-13T03:02:06","ES","paid_search"
1592,"2025-12-23T03:59:51","NL","paid_search"
1593,"2025-10-12T12:36:25","NL","social"
1594,"2025-10-02T17:24:18","UK","paid_search"
1595,"2025-10-04T11:29:40","ES","paid_search"
1596,"2025-12-20T04:30:24","UK","social"
1597,"2025-11-30T02:31:43","IT","organic"
1598,"2025-11-19T08:30:46","ES","organic"
1599,"2025-12-05T04:38:55","NL","referral"
1600,"2025-11-05T06:38:57","UK","email"
1601,"2025-12-21T23:24:08","NL","organic"
1602,"2025-12-14T12:12:35","ES","paid_search"
1603,"2025-12-09T13:56:03","IT","organic"
1604,"2025-11-13T22:28:37","UK","organic"
1605,"2025-12-03T23:22:19","DE","organic"
1606,"2025-11-04T11:32:01","IT","referral"
1607,"2025-10-29T08:22:15","ES","paid_search"
1608,"2025-12-08T04:00:08","UK","organic"
1609,"2025-10-16T22:30:35","NL","organic"
1610,"2025-12-09T14:23:44","IT","social"
1611,"2025-10-11T09:14:18","FR","paid_search"
1612,"2025-10-19T05:00:28","UK","referral"
1613,"2025-11-08T03:30:54","DE","paid_search"
1614,"2025-12-15T20:50:29","DE","social"
1615,"2025-10-11T11:06:44","NL","organic"
1616,"2025-12-01T11:33:26","IT","paid_search"
1617,"2025-12-14T23:13:43","NL","paid_search"
1618,"2025-11-27T05:12:22","ES","organic"
1619,"2025-11-18T10:21:17","UK","paid_search"
1620,"2025-10-05T17:10:48","ES","referral"
1621,"2025-12-21T10:34:59","ES","paid_search"
1622,"2025-11-19T08:30:05","DE","social"
1623,"2025-10-17T20:38:04","IT","email"
1624,"2025-10-11T01:17:53","NL","social"
1625,"2025-11-28T20:27:25","FR","paid_search"
1626,"2025-11-07T08:19:44","NL","referral"
1627,"2025-12-28T22:13:31","IT","social"
1628,"2025-10-27T13:31:28","NL","referral"
1629,"2025-10-29T13:28:26","NL","email"
1630,"2025-10-14T09:58:57","NL","paid_search"
1631,"2025-12-26T01:32:51","IT","paid_search"
1632,"2025-12-21T20:30:20","IT","paid_search"
1633,"2025-10-31T11:27:54","IT","social"
1634,"2025-11-23T17:56:18","IT","organic"
1635,"2025-10-21T08:39:57","ES","social"
1636,"2025-12-06T15:55:13","FR","referral"
1637,"2025-10-13T21:08:51","IT","social"
1638,"2025-10-18T06:20:01","ES","paid_search"
1639,"2025-12-01T20:01:55","FR","social"
1640,"2025-12-13T20:44:03","FR","paid_search"
1641,"2025-11-26T14:02:13","ES","referral"
1642,"2025-12-08T22:42:28","NL","social"
1643,"2025-12-26T18:51:31","ES","organic"
1644,"2025-12-22T06:21:16","NL","email"
1645,"2025-11-20T18:02:56","UK","organic"
1646,"2025-10-15T02:38:08","UK","social"
1647,"2025-10-20T09:48:23","FR","social"
1648,"2025-10-16T15:00:23","FR","social"
1649,"2025-10-15T05:12:10","UK","social"
1650,"2025-10-29T15:43:38","DE","social"
1651,"2025-10-04T03:16:45","FR","email"
1652,"2025-10-10T22:47:44","ES","email"
1653,"2025-12-11T19:08:32","ES","email"
1654,"2025-12-12T01:56:49","IT","paid_search"
1655,"2025-10-24T01:38:15","ES","social"
1656,"2025-12-17T13:23:22","IT","organic"
1657,"2025-12-04T12:22:56","UK","referral"
1658,"2025-11-07T15:04:04","NL","referral"
1659,"2025-12-06T12:30:44","FR","referral"
1660,"2025-10-06T05:22:05","UK","social"
1661,"2025-10-20T17:13:39","ES","email"
1662,"2025-12-23T12:58:53","NL","email"
1663,"2025-12-28T11:55:01","IT","social"
1664,"2025-12-02T21:05:34","FR","social"
1665,"2025-11-23T01:42:20","IT","paid_search"
1666,"2025-12-15T08:33:10","IT","referral"
1667,"2025-10-29T13:29:01","NL","organic"
1668,"2025-12-06T06:42:37","UK","organic"
1669,"2025-10-17T20:58:19","IT","paid_search"
1670,"2025-11-06T14:56:08","UK","paid_search"
1671,"2025-11-24T00:58:07","FR","organic"
1672,"2025-11-26T16:47:10","FR","organic"
1673,"2025-11-15T06:37:50","IT","referral"
1674,"2025-10-04T21:04:05","DE","referral"
1675,"2025-11-27T22:49:55","UK","social"
1676,"2025-11-30T17:12:35","ES","email"
1677,"2025-10-30T05:44:29","NL","social"
1678,"2025-11-23T09:57:58","FR","organic"
1679,"2025-12-08T17:01:03","FR","paid_search"
1680,"2025-10-18T20:26:45","ES","organic"
1681,"2025-11-19T01:03:44","DE","paid_search"
1682,"2025-11-22T03:23:04","NL","organic"
1683,"2025-10-22T11:25:43","DE","social"
1684,"2025-11-02T03:26:27","FR","organic"
1685,"2025-12-13T01:48:53","ES","paid_search"
1686,"2025-11-24T12:00:16","IT","organic"
1687,"2025-12-04T22:44:22","FR","paid_search"
1688,"2025-12-27T19:37:46","IT","paid_search"
1689,"2025-11-30T07:20:30","DE","referral"
1690,"2025-12-06T06:27:35","FR","organic"
1691,"2025-12-17T07:17:44","UK","organic"
1692,"2025-11-22T10:50:39","IT","organic"
1693,"2025-12-28T11:33:59","ES","email"
1694,"2025-11-06T09:42:56","ES","email"
1695,"2025-11-13T06:13:22","NL","organic"
1696,"2025-12-27T05:08:52","IT","organic"
1697,"2025-11-19T21:27:41","UK","referral"
1698,"2025-10-17T06:03:29","ES","paid_search"
1699,"2025-11-30T20:51:35","UK","organic"
1700,"2025-12-01T02:52:30","DE","email"
1701,"2025-11-11T04:28:46","UK","organic"
1702,"2025-12-20T11:07:27","IT","email"
1703,"2025-12-11T23:31:44","NL","paid_search"
1704,"2025-10-08T00:03:10","IT","social"
1705,"2025-10-03T07:20:54","NL","social"
1706,"2025-10-04T16:16:53","UK","organic"
1707,"2025-10-18T06:45:06","FR","paid_search"
1708,"2025-11-25T19:45:33","DE","referral"
1709,"2025-11-09T13:51:11","NL","paid_search"
1710,"2025-11-09T06:25:55","NL","organic"
1711,"2025-11-07T19:36:18","IT","organic"
1712,"2025-10-01T13:44:43","IT","social"
1713,"2025-10-07T03:21:15","IT","paid_search"
1714,"2025-12-08T01:10:24","UK","organic"
1715,"2025-11-18T19:41:42","UK","organic"
1716,"2025-12-06T14:12:47","FR","paid_search"
1717,"2025-10-28T07:58:59","NL","organic"
1718,"2025-12-19T19:41:02","IT","organic"
1719,"2025-10-16T04:15:36","ES","organic"
1720,"2025-12-12T12:03:45","NL","social"
1721,"2025-12-22T11:24:09","ES","organic"
1722,"2025-12-01T13:26:00","DE","organic"
1723,"2025-12-26T02:48:31","IT","paid_search"
1724,"2025-10-02T01:58:54","ES","email"
1725,"2025-10-14T17:25:29","UK","organic"
1726,"2025-11-25T14:31:51","ES","organic"
1727,"2025-11-23T03:49:36","UK","organic"
1728,"2025-12-12T15:39:26","IT","referral"
1729,"2025-11-03T09:13:56","DE","paid_search"
1730,"2025-12-02T17:07:46","ES","organic"
1731,"2025-10-18T20:44:02","DE","paid_search"
1732,"2025-10-25T12:55:51","DE","organic"
1733,"2025-12-05T03:29:30","ES","email"
1734,"2025-12-22T15:52:37","ES","paid_search"
1735,"2025-11-23T08:48:40","UK","organic"
1736,"2025-10-07T12:57:59","FR","organic"
1737,"2025-12-10T10:44:43","ES","paid_search"
1738,"2025-11-02T02:56:18","FR","organic"
1739,"2025-12-03T15:21:45","DE","organic"
1740,"2025-11-30T03:34:35","UK","referral"
1741,"2025-10-31T20:29:41","NL","paid_search"
1742,"2025-11-29T20:10:55","IT","organic"
1743,"2025-11-26T17:12:52","DE","paid_search"
1744,"2025-11-05T09:19:52","FR","referral"
1745,"2025-10-17T08:57:30","UK","organic"
1746,"2025-12-16T06:43:14","DE","social"
1747,"2025-12-02T05:15:43","NL","organic"
1748,"2025-11-04T21:39:47","DE","social"
1749,"2025-11-02T04:35:51","NL","paid_search"
1750,"2025-11-04T19:55:42","FR","paid_search"
1751,"2025-10-11T13:35:54","DE","paid_search"
1752,"2025-10-08T23:00:45","FR","email"
1753,"2025-10-14T14:13:39","ES","organic"
1754,"2025-12-11T05:16:58","IT","organic"
1755,"2025-10-08T07:41:40","UK","email"
1756,"2025-12-01T07:47:47","UK","email"
1757,"2025-11-26T04:56:11","NL","social"
1758,"2025-10-21T15:46:05","UK","paid_search"
1759,"2025-11-22T18:22:31","ES","paid_search"
1760,"2025-12-15T06:20:25","DE","organic"
1761,"2025-10-22T16:20:31","ES","social"
1762,"2025-10-29T06:04:37","DE","paid_search"
1763,"2025-11-19T13:20:46","UK","organic"
1764,"2025-11-18T18:08:04","UK","social"
1765,"2025-12-22T07:56:27","ES","social"
1766,"2025-12-13T12:25:04","ES","organic"
1767,"2025-10-16T11:00:54","DE","paid_search"
1768,"2025-11-24T22:26:19","IT","email"
1769,"2025-10-15T04:40:06","IT","social"
1770,"2025-11-04T20:03:15","UK","organic"
1771,"2025-11-17T08:17:18","DE","organic"
1772,"2025-11-05T20:50:46","DE","organic"
1773,"2025-10-21T01:49:06","ES","referral"
1774,"2025-11-05T01:46:36","NL","paid_search"
1775,"2025-11-14T03:23:45","UK","organic"
1776,"2025-12-02T23:10:19","FR","organic"
1777,"2025-11-20T14:53:12","IT","email"
1778,"2025-12-21T01:23:36","IT","organic"
1779,"2025-11-22T20:25:39","ES","organic"
1780,"2025-12-03T11:10:25","NL","organic"
1781,"2025-12-03T10:23:04","UK","paid_search"
1782,"2025-11-06T12:54:34","DE","paid_search"
1783,"2025-11-04T06:18:43","FR","paid_search"
1784,"2025-11-16T19:23:52","ES","organic"
1785,"2025-12-25T15:17:19","DE","paid_search"
1786,"2025-10-23T07:55:02","UK","paid_search"
1787,"2025-10-28T06:20:00","DE","organic"
1788,"2025-10-16T06:40:09","FR","paid_search"
1789,"2025-12-19T07:38:35","UK","social"
1790,"2025-11-10T06:07:11","FR","social"
1791,"2025-11-16T18:00:54","IT","paid_search"
1792,"2025-10-21T10:58:32","ES","organic"
1793,"2025-12-20T21:52:52","NL","organic"
1794,"2025-10-05T04:32:00","DE","paid_search"
1795,"2025-10-16T15:27:29","DE","paid_search"
1796,"2025-10-04T19:19:16","ES","organic"
1797,"2025-10-17T03:36:12","FR","referral"
1798,"2025-11-20T03:51:36","NL","paid_search"
1799,"2025-11-24T17:17:38","IT","organic"
1800,"2025-12-09T20:40:00","IT","social"
1801,"2025-10-28T12:29:49","UK","organic"
1802,"2025-11-28T21:18:27","NL","email"
1803,"2025-10-17T13:26:57","DE","email"
1804,"2025-11-28T08:03:20","DE","social"
1805,"2025-12-19T15:47:40","DE","paid_search"
1806,"2025-11-19T14:15:42","FR","organic"
1807,"2025-12-06T13:32:35","FR","referral"
1808,"2025-11-27T22:01:24","ES","organic"
1809,"2025-11-06T17:17:46","NL","organic"
1810,"2025-10-02T14:35:37","DE","paid_search"
1811,"2025-12-28T06:54:50","ES","social"
1812,"2025-12-20T05:55:03","DE","paid_search"
1813,"2025-10-18T05:25:25","NL","referral"
1814,"2025-11-28T05:40:02","UK","email"
1815,"2025-11-21T14:19:17","ES","social"
1816,"2025-10-10T01:08:54","NL","social"
1817,"2025-12-27T13:46:36","ES","paid_search"
1818,"2025-10-01T02:47:48","IT","paid_search"
1819,"2025-11-20T16:27:04","NL","organic"
1820,"2025-10-05T05:13:06","IT","paid_search"
1821,"2025-10-23T06:44:30","NL","social"
1822,"2025-11-07T00:20:43","FR","paid_search"
1823,"2025-12-11T23:34:23","IT","paid_search"
1824,"2025-11-11T07:27:43","DE","organic"
1825,"2025-12-14T08:34:50","DE","referral"
1826,"2025-10-09T03:18:32","FR","paid_search"
1827,"2025-11-22T18:59:06","NL","organic"
1828,"2025-10-01T12:44:41","IT","social"
1829,"2025-10-01T16:34:37","ES","paid_search"
1830,"2025-11-20T11:07:58","UK","organic"
1831,"2025-10-20T22:39:36","IT","email"
1832,"2025-11-09T16:40:41","FR","organic"
1833,"2025-11-11T08:49:07","IT","paid_search"
1834,"2025-10-26T08:52:47","ES","paid_search"
1835,"2025-11-05T12:00:44","ES","organic"
1836,"2025-12-06T01:55:34","NL","social"
1837,"2025-11-10T02:53:29","ES","social"
1838,"2025-11-16T20:13:52","DE","organic"
1839,"2025-11-23T21:02:13","NL","organic"
1840,"2025-10-30T18:33:12","ES","organic"
1841,"2025-12-08T11:55:17","NL","social"
1842,"2025-12-23T00:17:30","IT","organic"
1843,"2025-10-23T07:24:21","NL","social"
1844,"2025-10-16T17:00:35","UK","organic"
1845,"2025-11-08T21:22:28","FR","email"
1846,"2025-11-29T14:46:58","IT","social"
1847,"2025-10-06T01:17:30","DE","organic"
1848,"2025-12-01T17:41:59","UK","email"
1849,"2025-12-19T22:19:27","DE","paid_search"
1850,"2025-11-28T06:40:23","NL","organic"
1851,"2025-10-26T13:02:55","DE","organic"
1852,"2025-11-29T03:08:24","UK","social"
1853,"2025-12-30T08:39:11","NL","paid_search"
1854,"2025-11-20T14:01:51","FR","social"
1855,"2025-11-28T00:12:43","UK","referral"
1856,"2025-12-19T15:16:17","DE","paid_search"
1857,"2025-11-12T14:52:44","UK","organic"
1858,"2025-12-03T18:39:04","ES","organic"
1859,"2025-10-04T06:18:55","ES","paid_search"
1860,"2025-12-07T19:30:21","DE","paid_search"
1861,"2025-12-05T10:35:26","UK","organic"
1862,"2025-12-03T14:18:18","UK","referral"
1863,"2025-10-09T10:21:30","FR","social"
1864,"2025-11-04T06:50:49","IT","organic"
1865,"2025-11-26T21:39:56","DE","paid_search"
1866,"2025-12-11T13:09:39","IT","organic"
1867,"2025-10-09T18:06:06","ES","organic"
1868,"2025-12-20T13:29:31","ES","referral"
1869,"2025-11-03T19:07:14","FR","referral"
1870,"2025-10-27T20:18:35","DE","paid_search"
1871,"2025-10-19T21:16:35","NL","referral"
1872,"2025-11-25T19:37:47","UK","organic"
1873,"2025-11-09T12:41:32","ES","organic"
1874,"2025-10-08T00:40:17","ES","organic"
1875,"2025-10-12T08:39:02","ES","referral"
1876,"2025-12-25T01:29:28","ES","email"
1877,"2025-11-25T19:35:59","FR","social"
1878,"2025-11-06T14:39:38","ES","paid_search"
1879,"2025-10-24T14:52:03","FR","referral"
1880,"2025-11-14T13:11:39","IT","paid_search"
1881,"2025-11-26T23:24:17","UK","paid_search"
1882,"2025-10-26T00:45:48","UK","organic"
1883,"2025-12-16T13:42:06","DE","social"
1884,"2025-10-23T07:46:33","FR","paid_search"
1885,"2025-11-04T06:46:26","ES","paid_search"
1886,"2025-12-08T01:01:32","FR","organic"
1887,"2025-10-10T00:43:39","NL","social"
1888,"2025-12-19T17:14:33","FR","organic"
1889,"2025-12-30T10:18:37","DE","paid_search"
1890,"2025-11-04T07:48:11","DE","email"
1891,"2025-10-27T02:59:31","DE","referral"
1892,"2025-12-06T07:45:19","DE","paid_search"
1893,"2025-10-20T09:15:24","DE","social"
1894,"2025-12-24T17:38:14","FR","organic"
1895,"2025-10-20T16:28:49","DE","email"
1896,"2025-11-04T13:36:14","DE","social"
1897,"2025-10-12T15:20:13","UK","social"
1898,"2025-12-04T09:53:24","NL","paid_search"
1899,"2025-12-14T04:49:05","ES","referral"
1900,"2025-12-22T08:00:28","NL","organic"
1901,"2025-10-31T14:58:28","NL","email"
1902,"2025-12-25T12:50:56","ES","email"
1903,"2025-11-17T15:39:33","DE","referral"
1904,"2025-12-28T22:27:02","ES","organic"
1905,"2025-10-22T13:30:49","ES","organic"
1906,"2025-11-21T01:03:08","NL","paid_search"
1907,"2025-11-22T12:04:50","UK","paid_search"
1908,"2025-11-08T05:25:36","IT","social"
1909,"2025-11-14T09:20:38","UK","social"
1910,"2025-11-14T16:02:31","FR","social"
1911,"2025-10-02T03:32:33","IT","organic"
1912,"2025-11-26T09:50:50","UK","organic"
1913,"2025-11-29T11:52:35","FR","organic"
1914,"2025-10-26T12:28:57","DE","organic"
1915,"2025-11-29T12:35:21","FR","organic"
1916,"2025-11-18T10:13:06","NL","organic"
1917,"2025-12-08T00:46:43","FR","organic"
1918,"2025-11-08T21:26:54","FR","paid_search"
1919,"2025-11-25T11:28:52","DE","referral"
1920,"2025-12-06T14:31:25","DE","email"
1921,"2025-12-09T23:37:18","FR","email"
1922,"2025-11-23T22:02:09","NL","email"
1923,"2025-10-20T00:51:37","DE","email"
1924,"2025-12-11T16:55:39","DE","paid_search"
1925,"2025-10-01T22:42:04","DE","paid_search"
1926,"2025-10-14T01:20:30","IT","paid_search"
1927,"2025-12-09T23:01:38","FR","social"
1928,"2025-10-30T03:07:49","FR","paid_search"
1929,"2025-11-25T03:09:01","UK","organic"
1930,"2025-12-07T01:04:56","DE","organic"
1931,"2025-12-19T00:20:00","FR","paid_search"
1932,"2025-12-01T03:41:07","UK","paid_search"
1933,"2025-11-02T11:48:22","FR","organic"
1934,"2025-11-24T09:42:36","ES","referral"
1935,"2025-10-26T00:31:08","FR","organic"
1936,"2025-10-12T18:30:13","FR","email"
1937,"2025-11-28T19:05:39","DE","paid_search"
1938,"2025-12-03T02:17:46","IT","paid_search"
1939,"2025-12-15T18:15:07","FR","organic"
1940,"2025-12-05T08:39:10","ES","paid_search"
1941,"2025-12-11T12:13:49","NL","email"
1942,"2025-11-06T23:57:35","ES","organic"
1943,"2025-12-01T07:59:45","DE","email"
1944,"2025-12-02T04:39:39","FR","paid_search"
1945,"2025-11-29T10:47:09","ES","paid_search"
1946,"2025-12-28T01:38:00","UK","organic"
1947,"2025-11-03T08:42:19","DE","organic"
1948,"2025-12-03T09:37:50","FR","social"
1949,"2025-11-28T18:38:57","IT","organic"
1950,"2025-12-26T04:28:18","NL","social"
1951,"2025-11-05T06:14:07","IT","paid_search"
1952,"2025-11-13T17:14:55","NL","organic"
1953,"2025-12-22T22:27:28","UK","organic"
1954,"2025-10-23T18:43:15","IT","organic"
1955,"2025-12-12T05:21:18","IT","social"
1956,"2025-10-21T10:40:01","DE","organic"
1957,"2025-10-10T06:39:22","UK","referral"
1958,"2025-11-15T22:36:10","ES","organic"
1959,"2025-12-14T20:24:20","NL","paid_search"
1960,"2025-10-09T01:59:21","UK","organic"
1961,"2025-10-16T01:48:55","UK","social"
1962,"2025-12-25T23:17:51","NL","organic"
1963,"2025-10-25T00:28:32","IT","organic"
1964,"2025-11-30T19:48:20","DE","organic"
1965,"2025-12-21T09:53:16","DE","organic"
1966,"2025-12-04T10:10:53","FR","email"
1967,"2025-11-01T13:46:26","NL","paid_search"
1968,"2025-12-24T13:20:24","ES","referral"
1969,"2025-11-23T06:12:11","NL","organic"
1970,"2025-12-07T17:34:44","ES","organic"
1971,"2025-11-28T00:28:19","NL","paid_search"
1972,"2025-12-01T17:38:25","ES","paid_search"
1973,"2025-12-02T02:48:38","IT","paid_search"
1974,"2025-12-28T05:56:40","FR","paid_search"
1975,"2025-10-23T01:14:51","UK","paid_search"
1976,"2025-11-05T12:20:12","NL","organic"
1977,"2025-10-30T11:22:34","UK","organic"
1978,"2025-12-19T03:58:21","DE","organic"
1979,"2025-11-15T13:18:37","ES","organic"
1980,"2025-12-29T12:37:18","NL","referral"
1981,"2025-11-16T07:38:48","FR","organic"
1982,"2025-11-11T18:59:13","FR","paid_search"
1983,"2025-12-17T08:36:09","UK","paid_search"
1984,"2025-10-19T07:24:08","NL","email"
1985,"2025-11-12T10:31:53","NL","organic"
1986,"2025-12-09T09:55:34","IT","paid_search"
1987,"2025-12-20T10:22:28","NL","organic"
1988,"2025-10-08T16:34:19","NL","paid_search"
1989,"2025-11-20T03:47:19","ES","email"
1990,"2025-12-06T11:19:39","FR","organic"
1991,"2025-12-12T03:08:42","ES","email"
1992,"2025-11-10T02:08:08","DE","email"
1993,"2025-10-18T17:02:22","DE","organic"
1994,"2025-12-01T20:04:03","NL","paid_search"
1995,"2025-10-27T10:07:06","IT","paid_search"
1996,"2025-10-19T05:34:52","FR","organic"
1997,"2025-10-05T19:39:03","ES","organic"
1998,"2025-10-10T22:18:52","FR","organic"
1999,"2025-12-09T10:31:38","NL","social"
2000,"2025-10-23T14:29:16","UK","organic"
